mc	mn	quarterbeats	duration_qb	mc_onset	mn_onset	event	timesig	staff	voice	duration	gracenote	tremolo	nominal_duration	scalar	chord_id	lyrics_1	staff_text	tempo	qpm
1	1	0	0.0	0	0	StaffText	3/1	1	1	0							"19. Perchè te 'n fuggi, o Fillide?
A 3, Alto Tenore e Basso
from Madrigal Book VIII"		
1	1	0	0.0	0	0	StaffText	3/1	1	1	0							"Claudio Monteverdi
1567-1643"		
1	1	8	4.0	2	2	Chord	3/1	2	1	1			1	1	0	Per-			
1	1	8	4.0	2	2	Chord	3/1	4	1	1			1	1	1				
2	2	12	4.0	0	0	Chord	3/1	2	1	1			1	1	2	chè			
2	2	16	4.0	1	1	Chord	3/1	2	1	1			1	1	3	t'en			
2	2	20	4.0	2	2	Chord	3/1	2	1	1			1	1	4	fug-			
2	2	12	4.0	0	0	Chord	3/1	4	1	1			1	1	5				
2	2	16	4.0	1	1	Chord	3/1	4	1	1			1	1	6				
2	2	20	4.0	2	2	Chord	3/1	4	1	1			1	1	7				
3	3	24	4.0	0	0	Chord	3/1	2	1	1			1	1	8	gi			
3	3	28	8.0	1	1	Chord	3/1	2	1	2			2	1	9	o			
3	3	32	4.0	2	2	Chord	3/1	3	1	1			1	1	10	Per-			
3	3	24	4.0	0	0	Chord	3/1	4	1	1			1	1	11				
3	3	28	4.0	1	1	Chord	3/1	4	1	1			1	1	12				
3	3	32	4.0	2	2	Chord	3/1	4	1	1			1	1	13				
4	4	36	6.0	0	0	Chord	3/1	2	1	3/2			1	3/2	14	Fil-			
4	4	42	2.0	3/2	3/2	Chord	3/1	2	1	1/2			1/2	1	15	li-			
4	4	44	4.0	2	2	Chord	3/1	2	1	1			1	1	16	de			
4	4	36	4.0	0	0	Chord	3/1	3	1	1			1	1	17	chè			
4	4	40	4.0	1	1	Chord	3/1	3	1	1			1	1	18	t'en			
4	4	44	4.0	2	2	Chord	3/1	3	1	1			1	1	19	fug-			
4	4	36	4.0	0	0	Chord	3/1	4	1	1			1	1	20				
4	4	40	4.0	1	1	Chord	3/1	4	1	1			1	1	21				
4	4	44	4.0	2	2	Chord	3/1	4	1	1			1	1	22				
5	5	56	4.0	2	2	Chord	3/1	1	1	1			1	1	23	Per-			
5	5	48	4.0	0	0	Chord	3/1	2	1	1			1	1	24	o			
5	5	52	8.0	1	1	Chord	3/1	2	1	2			2	1	25				
5	5	48	4.0	0	0	Chord	3/1	3	1	1			1	1	26	gi			
5	5	52	8.0	1	1	Chord	3/1	3	1	2			2	1	27	o			
5	5	48	4.0	0	0	Chord	3/1	4	1	1			1	1	28				
5	5	52	8.0	1	1	Chord	3/1	4	1	2			2	1	29				
6	6	60	4.0	0	0	Chord	3/1	1	1	1			1	1	30	chè			
6	6	64	4.0	1	1	Chord	3/1	1	1	1			1	1	31	t'en			
6	6	68	4.0	2	2	Chord	3/1	1	1	1			1	1	32	fug-			
6	6	60	6.0	0	0	Chord	3/1	2	1	3/2			1	3/2	33	Fil-			
6	6	66	2.0	3/2	3/2	Chord	3/1	2	1	1/2			1/2	1	34	li-			
6	6	68	4.0	2	2	Chord	3/1	2	1	1			1	1	35	de			
6	6	60	6.0	0	0	Chord	3/1	3	1	3/2			1	3/2	36	Fil-			
6	6	66	2.0	3/2	3/2	Chord	3/1	3	1	1/2			1/2	1	37	li-			
6	6	68	4.0	2	2	Chord	3/1	3	1	1			1	1	38	de			
6	6	60	6.0	0	0	Chord	3/1	4	1	3/2			1	3/2	39				
6	6	66	2.0	3/2	3/2	Chord	3/1	4	1	1/2			1/2	1	40				
6	6	68	4.0	2	2	Chord	3/1	4	1	1			1	1	41				
7	7	72	4.0	0	0	Chord	3/1	1	1	1			1	1	42	gi			
7	7	76	8.0	1	1	Chord	3/1	1	1	2			2	1	43	o			
7	7	80	4.0	2	2	Chord	3/1	2	1	1			1	1	44	per-			
7	7	72	4.0	0	0	Chord	3/1	3	1	1			1	1	45	o			
7	7	76	8.0	1	1	Chord	3/1	3	1	2			2	1	46				
7	7	72	4.0	0	0	Chord	3/1	4	1	1			1	1	47				
7	7	76	8.0	1	1	Chord	3/1	4	1	2			2	1	48				
8	8	84	6.0	0	0	Chord	3/1	1	1	3/2			1	3/2	49	Fil-			
8	8	90	2.0	3/2	3/2	Chord	3/1	1	1	1/2			1/2	1	50	li-			
8	8	92	4.0	2	2	Chord	3/1	1	1	1			1	1	51	de			
8	8	84	4.0	0	0	Chord	3/1	2	1	1			1	1	52	chè			
8	8	88	4.0	1	1	Chord	3/1	2	1	1			1	1	53	t'en			
8	8	92	4.0	2	2	Chord	3/1	2	1	1			1	1	54	fug-			
8	8	84	6.0	0	0	Chord	3/1	3	1	3/2			1	3/2	55	Fil-			
8	8	90	2.0	3/2	3/2	Chord	3/1	3	1	1/2			1/2	1	56	li-			
8	8	92	4.0	2	2	Chord	3/1	3	1	1			1	1	57	de			
8	8	84	6.0	0	0	Chord	3/1	4	1	3/2			1	3/2	58				
8	8	90	2.0	3/2	3/2	Chord	3/1	4	1	1/2			1/2	1	59				
8	8	92	4.0	2	2	Chord	3/1	4	1	1			1	1	60				
9	9	96	4.0	0	0	Chord	3/1	1	1	1			1	1	61	o			
9	9	100	8.0	1	1	Chord	3/1	1	1	2			2	1	62				
9	9	96	4.0	0	0	Chord	3/1	2	1	1			1	1	63	gi			
9	9	100	8.0	1	1	Chord	3/1	2	1	2			2	1	64	o			
9	9	96	4.0	0	0	Chord	3/1	3	1	1			1	1	65	o			
9	9	100	8.0	1	1	Chord	3/1	3	1	2			2	1	66				
9	9	96	4.0	0	0	Chord	3/1	4	1	1			1	1	67				
9	9	100	8.0	1	1	Chord	3/1	4	1	2			2	1	68				
10	10	108	6.0	0	0	Chord	3/1	1	1	3/2			1	3/2	69	Fil-			
10	10	114	2.0	3/2	3/2	Chord	3/1	1	1	1/2			1/2	1	70	li-			
10	10	116	4.0	2	2	Chord	3/1	1	1	1			1	1	71	de			
10	10	108	6.0	0	0	Chord	3/1	2	1	3/2			1	3/2	72	Fil-			
10	10	114	2.0	3/2	3/2	Chord	3/1	2	1	1/2			1/2	1	73	li-			
10	10	116	4.0	2	2	Chord	3/1	2	1	1			1	1	74	de			
10	10	108	6.0	0	0	Chord	3/1	3	1	3/2			1	3/2	75	Fil-			
10	10	114	2.0	3/2	3/2	Chord	3/1	3	1	1/2			1/2	1	76	li-			
10	10	116	4.0	2	2	Chord	3/1	3	1	1			1	1	77	de			
10	10	108	6.0	0	0	Chord	3/1	4	1	3/2			1	3/2	78				
10	10	114	2.0	3/2	3/2	Chord	3/1	4	1	1/2			1/2	1	79				
10	10	116	4.0	2	2	Chord	3/1	4	1	1			1	1	80				
11	11	120	4.0	0	0	Chord	3/1	1	1	1			1	1	81	per-			
11	11	124	4.0	1	1	Chord	3/1	1	1	1			1	1	82	chè			
11	11	128	4.0	2	2	Chord	3/1	1	1	1			1	1	83	t'en			
11	11	120	4.0	0	0	Chord	3/1	2	1	1			1	1	84	per-			
11	11	124	4.0	1	1	Chord	3/1	2	1	1			1	1	85	chè			
11	11	128	4.0	2	2	Chord	3/1	2	1	1			1	1	86	t'en			
11	11	120	4.0	0	0	Chord	3/1	3	1	1			1	1	87	per-			
11	11	124	4.0	1	1	Chord	3/1	3	1	1			1	1	88	chè			
11	11	128	4.0	2	2	Chord	3/1	3	1	1			1	1	89	t'en			
11	11	120	4.0	0	0	Chord	3/1	4	1	1			1	1	90				
11	11	124	4.0	1	1	Chord	3/1	4	1	1			1	1	91				
11	11	128	4.0	2	2	Chord	3/1	4	1	1			1	1	92				
12	12	132	4.0	0	0	Chord	3/1	1	1	1			1	1	93	fug-			
12	12	136	4.0	1	1	Chord	3/1	1	1	1			1	1	94	gi			
12	12	132	4.0	0	0	Chord	3/1	2	1	1			1	1	95	fug-			
12	12	136	4.0	1	1	Chord	3/1	2	1	1			1	1	96	gi			
12	12	132	4.0	0	0	Chord	3/1	3	1	1			1	1	97	fug-			
12	12	136	4.0	1	1	Chord	3/1	3	1	1			1	1	98	gi			
12	12	132	4.0	0	0	Chord	3/1	4	1	1			1	1	99				
12	12	136	4.0	1	1	Chord	3/1	4	1	1			1	1	100				
13	13	144	4.0	0	0	Chord	3/1	1	1	1			1	1	101	per-			
13	13	148	4.0	1	1	Chord	3/1	1	1	1			1	1	102	chè			
13	13	152	4.0	2	2	Chord	3/1	1	1	1			1	1	103	t'en			
13	13	144	4.0	0	0	Chord	3/1	2	1	1			1	1	104	per-			
13	13	148	4.0	1	1	Chord	3/1	2	1	1			1	1	105	chè			
13	13	152	4.0	2	2	Chord	3/1	2	1	1			1	1	106	t'en			
13	13	144	4.0	0	0	Chord	3/1	3	1	1			1	1	107	per-			
13	13	148	4.0	1	1	Chord	3/1	3	1	1			1	1	108	chè			
13	13	152	4.0	2	2	Chord	3/1	3	1	1			1	1	109	t'en			
13	13	144	4.0	0	0	Chord	3/1	4	1	1			1	1	110				
13	13	148	4.0	1	1	Chord	3/1	4	1	1			1	1	111				
13	13	152	4.0	2	2	Chord	3/1	4	1	1			1	1	112				
14	14	156	4.0	0	0	Chord	3/1	1	1	1			1	1	113	fug-			
14	14	160	4.0	1	1	Chord	3/1	1	1	1			1	1	114	gi			
14	14	156	4.0	0	0	Chord	3/1	2	1	1			1	1	115	fug-			
14	14	160	4.0	1	1	Chord	3/1	2	1	1			1	1	116	gi			
14	14	156	4.0	0	0	Chord	3/1	3	1	1			1	1	117	fug-			
14	14	160	4.0	1	1	Chord	3/1	3	1	1			1	1	118	gi			
14	14	156	4.0	0	0	Chord	3/1	4	1	1			1	1	119				
14	14	160	4.0	1	1	Chord	3/1	4	1	1			1	1	120				
15	15	168	4.0	0	0	Chord	3/1	3	1	1			1	1	121	per-			
15	15	172	4.0	1	1	Chord	3/1	3	1	1			1	1	122	chè			
15	15	176	4.0	2	2	Chord	3/1	3	1	1			1	1	123	t'en			
15	15	168	4.0	0	0	Chord	3/1	4	1	1			1	1	124				
15	15	172	4.0	1	1	Chord	3/1	4	1	1			1	1	125				
15	15	176	4.0	2	2	Chord	3/1	4	1	1			1	1	126				
16	16	180	4.0	0	0	Chord	3/1	2	1	1			1	1	127	per-			
16	16	184	4.0	1	1	Chord	3/1	2	1	1			1	1	128	chè			
16	16	188	4.0	2	2	Chord	3/1	2	1	1			1	1	129	t'en			
16	16	180	4.0	0	0	Chord	3/1	3	1	1			1	1	130	fug-			
16	16	184	4.0	1	1	Chord	3/1	3	1	1			1	1	131	gi			
16	16	188	4.0	2	2	Chord	3/1	3	1	1			1	1	132	t'en			
16	16	180	4.0	0	0	Chord	3/1	4	1	1			1	1	133				
16	16	184	4.0	1	1	Chord	3/1	4	1	1			1	1	134				
16	16	188	4.0	2	2	Chord	3/1	4	1	1			1	1	135				
17	17	192	4.0	0	0	Chord	3/1	1	1	1			1	1	136	per-			
17	17	196	4.0	1	1	Chord	3/1	1	1	1			1	1	137	chè			
17	17	200	4.0	2	2	Chord	3/1	1	1	1			1	1	138	t'en			
17	17	192	4.0	0	0	Chord	3/1	2	1	1			1	1	139	fug-			
17	17	196	4.0	1	1	Chord	3/1	2	1	1			1	1	140	gi			
17	17	200	4.0	2	2	Chord	3/1	2	1	1			1	1	141	t'en			
17	17	192	4.0	0	0	Chord	3/1	3	1	1			1	1	142	fug-			
17	17	196	4.0	1	1	Chord	3/1	3	1	1			1	1	143	gi			
17	17	200	4.0	2	2	Chord	3/1	3	1	1			1	1	144	t'en			
17	17	192	4.0	0	0	Chord	3/1	4	1	1			1	1	145				
17	17	196	4.0	1	1	Chord	3/1	4	1	1			1	1	146				
17	17	200	4.0	2	2	Chord	3/1	4	1	1			1	1	147				
18	18	204	4.0	0	0	Chord	3/1	1	1	1			1	1	148	fug-			
18	18	208	4.0	1	1	Chord	3/1	1	1	1			1	1	149	gi			
18	18	212	4.0	2	2	Chord	3/1	1	1	1			1	1	150	t'en			
18	18	204	4.0	0	0	Chord	3/1	2	1	1			1	1	151	fug-			
18	18	208	4.0	1	1	Chord	3/1	2	1	1			1	1	152	gi			
18	18	212	4.0	2	2	Chord	3/1	2	1	1			1	1	153	t'en			
18	18	204	4.0	0	0	Chord	3/1	3	1	1			1	1	154	fug-			
18	18	208	4.0	1	1	Chord	3/1	3	1	1			1	1	155	gi			
18	18	212	4.0	2	2	Chord	3/1	3	1	1			1	1	156	t'en			
18	18	204	4.0	0	0	Chord	3/1	4	1	1			1	1	157				
18	18	208	4.0	1	1	Chord	3/1	4	1	1			1	1	158				
18	18	212	4.0	2	2	Chord	3/1	4	1	1			1	1	159				
19	19	216	4.0	0	0	Chord	3/1	1	1	1			1	1	160	fug-			
19	19	220	4.0	1	1	Chord	3/1	1	1	1			1	1	161	gi			
19	19	224	4.0	2	2	Chord	3/1	1	1	1			1	1	162	t'en			
19	19	216	4.0	0	0	Chord	3/1	2	1	1			1	1	163	fug-			
19	19	220	4.0	1	1	Chord	3/1	2	1	1			1	1	164	gi			
19	19	224	4.0	2	2	Chord	3/1	2	1	1			1	1	165	t'en			
19	19	216	4.0	0	0	Chord	3/1	3	1	1			1	1	166	fug-			
19	19	220	4.0	1	1	Chord	3/1	3	1	1			1	1	167	gi			
19	19	224	4.0	2	2	Chord	3/1	3	1	1			1	1	168	t'en			
19	19	216	4.0	0	0	Chord	3/1	4	1	1			1	1	169				
19	19	220	4.0	1	1	Chord	3/1	4	1	1			1	1	170				
19	19	224	4.0	2	2	Chord	3/1	4	1	1			1	1	171				
20	20	228	4.0	0	0	Chord	3/1	1	1	1			1	1	172	fug-			
20	20	232	4.0	1	1	Chord	3/1	1	1	1			1	1	173	gi			
20	20	228	4.0	0	0	Chord	3/1	2	1	1			1	1	174	fug-			
20	20	232	4.0	1	1	Chord	3/1	2	1	1			1	1	175	gi			
20	20	228	4.0	0	0	Chord	3/1	3	1	1			1	1	176	fug-			
20	20	232	4.0	1	1	Chord	3/1	3	1	1			1	1	177	gi			
20	20	228	4.0	0	0	Chord	3/1	4	1	1			1	1	178				
20	20	232	4.0	1	1	Chord	3/1	4	1	1			1	1	179				
21	21	243	1.0	3/4	3/4	Chord	4/4	2	1	1/4			1/4	1	180	Deh			
21	21	241	1.0	1/4	1/4	Chord	4/4	3	1	1/4			1/4	1	181	Ohi-			
21	21	242	2.0	1/2	1/2	Chord	4/4	3	1	1/2			1/2	1	182	mè			
21	21	241	1.0	1/4	1/4	Chord	4/4	4	1	1/4			1/4	1	183				
21	21	242	2.0	1/2	1/2	Chord	4/4	4	1	1/2			1/2	1	184				
22	22	244	1.0	0	0	Chord	4/4	2	1	1/4			1/4	1	185				
22	22	245	0.5	1/4	1/4	Chord	4/4	2	1	1/8			1/8	1	186	Fil-			
22	22	491/2	0.5	3/8	3/8	Chord	4/4	2	1	1/8			1/8	1	187	li a-			
22	22	246	0.75	1/2	1/2	Chord	4/4	2	1	3/16			1/8	3/2	188	scol-			
22	22	987/4	0.25	11/16	11/16	Chord	4/4	2	1	1/16			1/16	1	189	ta-			
22	22	247	1.0	3/4	3/4	Chord	4/4	2	1	1/4			1/4	1	190	mi			
22	22	244	4.0	0	0	Chord	4/4	4	1	1			1	1	191				
23	23	497/2	0.5	1/8	1/8	Chord	4/4	2	1	1/8			1/8	1	192	e			
23	23	249	0.5	1/4	1/4	Chord	4/4	2	1	1/8			1/8	1	193	quei			
23	23	499/2	0.5	3/8	3/8	Chord	4/4	2	1	1/8			1/8	1	194	bel-			
23	23	250	1.5	1/2	1/2	Chord	4/4	2	1	3/8			1/4	3/2	195	li oc-			
23	23	503/2	0.5	7/8	7/8	Chord	4/4	2	1	1/8			1/8	1	196	chi			
23	23	248	4.0	0	0	Chord	4/4	4	1	1			1	1	197				
24	24	252	1.5	0	0	Chord	4/4	2	1	3/8			1/4	3/2	198	vol-			
24	24	507/2	0.5	3/8	3/8	Chord	4/4	2	1	1/8			1/8	1	199	ta-			
24	24	254	2.0	1/2	1/2	Chord	4/4	2	1	1/2			1/2	1	200	mi			
24	24	255	1.0	3/4	3/4	Chord	4/4	3	1	1/4			1/4	1	201	Ohi-			
24	24	252	2.0	0	0	Chord	4/4	4	1	1/2			1/2	1	202				
24	24	254	2.0	1/2	1/2	Chord	4/4	4	1	1/2			1/2	1	203				
25	25	513/2	0.5	1/8	1/8	Chord	4/4	1	1	1/8			1/8	1	204	A-			
25	25	257	0.75	1/4	1/4	Chord	4/4	1	1	3/16			1/8	3/2	205	scol-			
25	25	1031/4	0.25	7/16	7/16	Chord	4/4	1	1	1/16			1/16	1	206	ta-			
25	25	258	0.75	1/2	1/2	Chord	4/4	1	1	3/16			1/8	3/2	207	mi			
25	25	1035/4	0.25	11/16	11/16	Chord	4/4	1	1	1/16			1/16	1	208	a-			
25	25	259	0.75	3/4	3/4	Chord	4/4	1	1	3/16			1/8	3/2	209	scol-			
25	25	1039/4	0.25	15/16	15/16	Chord	4/4	1	1	1/16			1/16	1	210	ta-			
25	25	256	2.0	0	0	Chord	4/4	3	1	1/2			1/2	1	211	mè			
25	25	256	4.0	0	0	Chord	4/4	4	1	1			1	1	212				
26	26	260	1.0	0	0	Chord	4/4	1	1	1/4			1/4	1	213	mi			
26	26	261	2.0	1/4	1/4	Chord	4/4	1	1	1/2			1/2	1	214	Deh			
26	26	263	0.5	3/4	3/4	Chord	4/4	1	1	1/8			1/8	1	215	Fil-			
26	26	527/2	0.5	7/8	7/8	Chord	4/4	1	1	1/8			1/8	1	216	li a-			
26	26	261	2.0	1/4	1/4	Chord	4/4	3	1	1/2			1/2	1	217	Deh			
26	26	263	0.5	3/4	3/4	Chord	4/4	3	1	1/8			1/8	1	218	Fil-			
26	26	527/2	0.5	7/8	7/8	Chord	4/4	3	1	1/8			1/8	1	219	li a-			
26	26	260	4.0	0	0	Chord	4/4	4	1	1			1	1	220				
27	27	264	1.5	0	0	Chord	4/4	1	1	3/8			1/4	3/2	221	scol-			
27	27	531/2	0.5	3/8	3/8	Chord	4/4	1	1	1/8			1/8	1	222	ta-			
27	27	266	2.0	1/2	1/2	Chord	4/4	1	1	1/2			1/2	1	223	mi			
27	27	264	1.5	0	0	Chord	4/4	3	1	3/8			1/4	3/2	224	scol-			
27	27	531/2	0.5	3/8	3/8	Chord	4/4	3	1	1/8			1/8	1	225	ta-			
27	27	266	2.0	1/2	1/2	Chord	4/4	3	1	1/2			1/2	1	226	mi			
27	27	264	4.0	0	0	Chord	4/4	4	1	1			1	1	227				
28	28	537/2	0.5	1/8	1/8	Chord	4/4	3	1	1/8			1/8	1	228	e			
28	28	269	0.5	1/4	1/4	Chord	4/4	3	1	1/8			1/8	1	229	quei			
28	28	539/2	0.5	3/8	3/8	Chord	4/4	3	1	1/8			1/8	1	230	bel-			
28	28	270	1.5	1/2	1/2	Chord	4/4	3	1	3/8			1/4	3/2	231	li oc-			
28	28	543/2	0.5	7/8	7/8	Chord	4/4	3	1	1/8			1/8	1	232	chi			
28	28	268	4.0	0	0	Chord	4/4	4	1	1			1	1	233				
29	29	545/2	0.5	1/8	1/8	Chord	4/4	1	1	1/8			1/8	1	234	a-			
29	29	273	0.75	1/4	1/4	Chord	4/4	1	1	3/16			1/8	3/2	235	scol-			
29	29	1095/4	0.25	7/16	7/16	Chord	4/4	1	1	1/16			1/16	1	236	ta-			
29	29	274	0.75	1/2	1/2	Chord	4/4	1	1	3/16			1/8	3/2	237	mi			
29	29	1099/4	0.25	11/16	11/16	Chord	4/4	1	1	1/16			1/16	1	238	a-			
29	29	275	0.75	3/4	3/4	Chord	4/4	1	1	3/16			1/8	3/2	239	scol-			
29	29	1103/4	0.25	15/16	15/16	Chord	4/4	1	1	1/16			1/16	1	240	ta-			
29	29	545/2	0.5	1/8	1/8	Chord	4/4	2	1	1/8			1/8	1	241	a-			
29	29	273	0.75	1/4	1/4	Chord	4/4	2	1	3/16			1/8	3/2	242	scol-			
29	29	1095/4	0.25	7/16	7/16	Chord	4/4	2	1	1/16			1/16	1	243	ta-			
29	29	274	0.75	1/2	1/2	Chord	4/4	2	1	3/16			1/8	3/2	244	mi			
29	29	1099/4	0.25	11/16	11/16	Chord	4/4	2	1	1/16			1/16	1	245	a-			
29	29	275	0.75	3/4	3/4	Chord	4/4	2	1	3/16			1/8	3/2	246	scol-			
29	29	1103/4	0.25	15/16	15/16	Chord	4/4	2	1	1/16			1/16	1	247	ta-			
29	29	272	4.0	0	0	Chord	4/4	3	1	1			1	1	248	vol-			
29	29	272	4.0	0	0	Chord	4/4	4	1	1			1	1	249				
30	30	276	1.0	0	0	Chord	4/4	1	1	1/4			1/4	1	250	mi			
30	30	277	2.0	1/4	1/4	Chord	4/4	1	1	1/2			1/2	1	251	Deh			
30	30	279	0.5	3/4	3/4	Chord	4/4	1	1	1/8			1/8	1	252	Fil-			
30	30	559/2	0.5	7/8	7/8	Chord	4/4	1	1	1/8			1/8	1	253	li a-			
30	30	276	1.0	0	0	Chord	4/4	2	1	1/4			1/4	1	254	mi			
30	30	277	2.0	1/4	1/4	Chord	4/4	2	1	1/2			1/2	1	255	Deh			
30	30	279	0.5	3/4	3/4	Chord	4/4	2	1	1/8			1/8	1	256	Fil-			
30	30	559/2	0.5	7/8	7/8	Chord	4/4	2	1	1/8			1/8	1	257	li a-			
30	30	276	4.0	0	0	Chord	4/4	3	1	1			1	1	258	-			
30	30	276	4.0	0	0	Chord	4/4	4	1	1			1	1	259				
31	31	280	0.75	0	0	Chord	4/4	1	1	3/16			1/8	3/2	260	scol-			
31	31	1123/4	0.25	3/16	3/16	Chord	4/4	1	1	1/16			1/16	1	261	ta-			
31	31	281	1.0	1/4	1/4	Chord	4/4	1	1	1/4			1/4	1	262	mi			
31	31	565/2	0.5	5/8	5/8	Chord	4/4	1	1	1/8			1/8	1	263	e			
31	31	283	0.5	3/4	3/4	Chord	4/4	1	1	1/8			1/8	1	264	quei			
31	31	567/2	0.5	7/8	7/8	Chord	4/4	1	1	1/8			1/8	1	265	bel-			
31	31	280	0.75	0	0	Chord	4/4	2	1	3/16			1/8	3/2	266	scol-			
31	31	1123/4	0.25	3/16	3/16	Chord	4/4	2	1	1/16			1/16	1	267	ta-			
31	31	281	1.0	1/4	1/4	Chord	4/4	2	1	1/4			1/4	1	268	mi			
31	31	565/2	0.5	5/8	5/8	Chord	4/4	2	1	1/8			1/8	1	269	e			
31	31	283	0.5	3/4	3/4	Chord	4/4	2	1	1/8			1/8	1	270	quei			
31	31	567/2	0.5	7/8	7/8	Chord	4/4	2	1	1/8			1/8	1	271	bel-			
31	31	280	4.0	0	0	Chord	4/4	3	1	1			1	1	272	ta-			
31	31	280	4.0	0	0	Chord	4/4	4	1	1			1	1	273				
32	32	284	0.75	0	0	Chord	4/4	1	1	3/16			1/8	3/2	274	l'oc-			
32	32	1139/4	0.25	3/16	3/16	Chord	4/4	1	1	1/16			1/16	1	275	chi			
32	32	285	2.0	1/4	1/4	Chord	4/4	1	1	1/2			1/2	1	276	vol-			
32	32	287	1.0	3/4	3/4	Chord	4/4	1	1	1/4			1/4	1	277	ta-			
32	32	284	0.75	0	0	Chord	4/4	2	1	3/16			1/8	3/2	278	l'oc-			
32	32	1139/4	0.25	3/16	3/16	Chord	4/4	2	1	1/16			1/16	1	279	chi			
32	32	285	2.0	1/4	1/4	Chord	4/4	2	1	1/2			1/2	1	280	vol-			
32	32	287	1.0	3/4	3/4	Chord	4/4	2	1	1/4			1/4	1	281	ta-			
32	32	284	4.0	0	0	Chord	4/4	3	1	1			1	1	282	mi			
32	32	284	4.0	0	0	Chord	4/4	4	1	1			1	1	283				
33	33	288	2.0	0	0	Chord	4/4	1	1	1/2			1/2	1	284	mi			
33	33	291	1.0	3/4	3/4	Chord	4/4	1	1	1/4			1/4	1	285	già			
33	33	288	2.0	0	0	Chord	4/4	2	1	1/2			1/2	1	286	mi			
33	33	288	2.0	0	0	Chord	4/4	3	1	1/2			1/2	1	287				
33	33	288	2.0	0	0	Chord	4/4	4	1	1/2			1/2	1	288				
33	33	291	1.0	3/4	3/4	Chord	4/4	4	1	1/4			1/4	1	289				
34	34	292	4.0	0	0	Chord	3/1	1	1	1			1	1	290	bel-			
34	34	296	2.0	1	1	Chord	3/1	1	1	1/2			1/2	1	291	va-			
34	34	298	4.0	3/2	3/2	Chord	3/1	1	1	1			1	1	292	non			
34	34	302	2.0	5/2	5/2	Chord	3/1	1	1	1/2			1/2	1	293	son			
34	34	300	4.0	2	2	Chord	3/1	3	1	1			1	1	294	già			
34	34	292	4.0	0	0	Chord	3/1	4	1	1			1	1	295				
34	34	296	2.0	1	1	Chord	3/1	4	1	1/2			1/2	1	296				
34	34	298	2.0	3/2	3/2	Chord	3/1	4	1	1/2			1/2	1	297				
34	34	300	4.0	2	2	Chord	3/1	4	1	1			1	1	298				
35	35	304	4.0	0	0	Chord	3/1	1	1	1			1	1	299	io			
35	35	308	2.0	1	1	Chord	3/1	1	1	1/2			1/2	1	300	nè			
35	35	310	4.0	3/2	3/2	Chord	3/1	1	1	1			1	1	301	ser-			
35	35	314	2.0	5/2	5/2	Chord	3/1	1	1	1/2			1/2	1	302	pe			
35	35	312	4.0	2	2	Chord	3/1	2	1	1			1	1	303	già			
35	35	304	4.0	0	0	Chord	3/1	3	1	1			1	1	304	bel-			
35	35	308	2.0	1	1	Chord	3/1	3	1	1/2			1/2	1	305	va-			
35	35	310	4.0	3/2	3/2	Chord	3/1	3	1	1			1	1	306	non			
35	35	314	2.0	5/2	5/2	Chord	3/1	3	1	1/2			1/2	1	307	son			
35	35	304	4.0	0	0	Chord	3/1	4	1	1			1	1	308				
35	35	308	2.0	1	1	Chord	3/1	4	1	1/2			1/2	1	309				
35	35	310	4.0	3/2	3/2	Chord	3/1	4	1	1			1	1	310				
35	35	314	2.0	5/2	5/2	Chord	3/1	4	1	1/2			1/2	1	311				
36	36	316	3.0	0	0	Chord	3/1	1	1	3/4			1/2	3/2	312	squal-			
36	36	319	1.0	3/4	3/4	Chord	3/1	1	1	1/4			1/4	1	313	li-			
36	36	320	4.0	1	1	Chord	3/1	1	1	1			1	1	314	do			
36	36	324	4.0	2	2	Chord	3/1	1	1	1			1	1	315	già			
36	36	316	4.0	0	0	Chord	3/1	2	1	1			1	1	316	bel-			
36	36	320	2.0	1	1	Chord	3/1	2	1	1/2			1/2	1	317	va			
36	36	322	4.0	3/2	3/2	Chord	3/1	2	1	1			1	1	318	non			
36	36	326	2.0	5/2	5/2	Chord	3/1	2	1	1/2			1/2	1	319	son			
36	36	316	4.0	0	0	Chord	3/1	3	1	1			1	1	320	io			
36	36	320	2.0	1	1	Chord	3/1	3	1	1/2			1/2	1	321	nè			
36	36	322	4.0	3/2	3/2	Chord	3/1	3	1	1			1	1	322	ser-			
36	36	326	2.0	5/2	5/2	Chord	3/1	3	1	1/2			1/2	1	323	pe			
36	36	316	4.0	0	0	Chord	3/1	4	1	1			1	1	324				
36	36	320	2.0	1	1	Chord	3/1	4	1	1/2			1/2	1	325				
36	36	322	4.0	3/2	3/2	Chord	3/1	4	1	1			1	1	326				
36	36	326	2.0	5/2	5/2	Chord	3/1	4	1	1/2			1/2	1	327				
37	37	328	4.0	0	0	Chord	3/1	1	1	1			1	1	328	bel-			
37	37	332	2.0	1	1	Chord	3/1	1	1	1/2			1/2	1	329	va			
37	37	334	4.0	3/2	3/2	Chord	3/1	1	1	1			1	1	330	non			
37	37	338	2.0	5/2	5/2	Chord	3/1	1	1	1/2			1/2	1	331	son			
37	37	328	4.0	0	0	Chord	3/1	2	1	1			1	1	332	io			
37	37	328	3.0	0	0	Chord	3/1	3	1	3/4			1/2	3/2	333	squal-			
37	37	331	1.0	3/4	3/4	Chord	3/1	3	1	1/4			1/4	1	334	li-			
37	37	332	4.0	1	1	Chord	3/1	3	1	1			1	1	335	do			
37	37	336	4.0	2	2	Chord	3/1	3	1	1			1	1	336	già			
37	37	328	3.0	0	0	Chord	3/1	4	1	3/4			1/2	3/2	337				
37	37	331	1.0	3/4	3/4	Chord	3/1	4	1	1/4			1/4	1	338				
37	37	332	4.0	1	1	Chord	3/1	4	1	1			1	1	339				
37	37	336	4.0	2	2	Chord	3/1	4	1	1			1	1	340				
38	38	340	4.0	0	0	Chord	3/1	1	1	1			1	1	341	io			
38	38	344	2.0	1	1	Chord	3/1	1	1	1/2			1/2	1	342	nè			
38	38	346	4.0	3/2	3/2	Chord	3/1	1	1	1			1	1	343	ser-			
38	38	350	2.0	5/2	5/2	Chord	3/1	1	1	1/2			1/2	1	344	pe			
38	38	348	4.0	2	2	Chord	3/1	2	1	1			1	1	345	già			
38	38	340	4.0	0	0	Chord	3/1	3	1	1			1	1	346	bel-			
38	38	344	2.0	1	1	Chord	3/1	3	1	1/2			1/2	1	347	va			
38	38	346	4.0	3/2	3/2	Chord	3/1	3	1	1			1	1	348	non			
38	38	350	2.0	5/2	5/2	Chord	3/1	3	1	1/2			1/2	1	349	son			
38	38	340	4.0	0	0	Chord	3/1	4	1	1			1	1	350				
38	38	344	2.0	1	1	Chord	3/1	4	1	1/2			1/2	1	351				
38	38	346	4.0	3/2	3/2	Chord	3/1	4	1	1			1	1	352				
38	38	350	2.0	5/2	5/2	Chord	3/1	4	1	1/2			1/2	1	353				
39	39	352	3.0	0	0	Chord	3/1	1	1	3/4			1/2	3/2	354	squal-			
39	39	355	1.0	3/4	3/4	Chord	3/1	1	1	1/4			1/4	1	355	li-			
39	39	356	4.0	1	1	Chord	3/1	1	1	1			1	1	356	do			
39	39	352	4.0	0	0	Chord	3/1	2	1	1			1	1	357	bel-			
39	39	356	2.0	1	1	Chord	3/1	2	1	1/2			1/2	1	358	va			
39	39	358	4.0	3/2	3/2	Chord	3/1	2	1	1			1	1	359	non			
39	39	362	2.0	5/2	5/2	Chord	3/1	2	1	1/2			1/2	1	360	son			
39	39	352	4.0	0	0	Chord	3/1	3	1	1			1	1	361	io			
39	39	356	2.0	1	1	Chord	3/1	3	1	1/2			1/2	1	362	nè			
39	39	358	4.0	3/2	3/2	Chord	3/1	3	1	1			1	1	363	ser-			
39	39	362	2.0	5/2	5/2	Chord	3/1	3	1	1/2			1/2	1	364	pe			
39	39	352	4.0	0	0	Chord	3/1	4	1	1			1	1	365				
39	39	356	2.0	1	1	Chord	3/1	4	1	1/2			1/2	1	366				
39	39	358	4.0	3/2	3/2	Chord	3/1	4	1	1			1	1	367				
39	39	362	2.0	5/2	5/2	Chord	3/1	4	1	1/2			1/2	1	368				
40	40	365	1.0	1/4	1/4	Chord	4/4	1	1	1/4			1/4	1	369	nè			
40	40	366	2.0	1/2	1/2	Chord	4/4	1	1	1/2			1/2	1	370	ser-			
40	40	364	2.0	0	0	Chord	4/4	2	1	1/2			1/2	1	371	io			
40	40	367	1.0	3/4	3/4	Chord	4/4	2	1	1/4			1/4	1	372	nè			
40	40	364	4.0	0	0	Chord	4/4	3	1	1			1	1	373	squal-			
40	40	364	4.0	0	0	Chord	4/4	4	1	1			1	1	374				
41	41	368	1.0	0	0	Chord	4/4	1	1	1/4			1/4	1	375	pe			
41	41	369	2.0	1/4	1/4	Chord	4/4	1	1	1/2			1/2	1	376	squal-			
41	41	371	1.0	3/4	3/4	Chord	4/4	1	1	1/4			1/4	1	377	li-			
41	41	368	1.0	0	0	Chord	4/4	2	1	1/4			1/4	1	378	ser-			
41	41	369	1.0	1/4	1/4	Chord	4/4	2	1	1/4			1/4	1	379	pe			
41	41	370	1.5	1/2	1/2	Chord	4/4	2	1	3/8			1/4	3/2	380	squal-			
41	41	743/2	0.5	7/8	7/8	Chord	4/4	2	1	1/8			1/8	1	381	li-			
41	41	368	2.0	0	0	Chord	4/4	3	1	1/2			1/2	1	382	-			
41	41	370	2.0	1/2	1/2	Chord	4/4	3	1	1/2			1/2	1	383	li-			
41	41	368	2.0	0	0	Chord	4/4	4	1	1/2			1/2	1	384				
41	41	370	2.0	1/2	1/2	Chord	4/4	4	1	1/2			1/2	1	385				
42	42	372	4.0	0	0	Chord	4/4	1	1	1			1	1	386	do			
42	42	372	4.0	0	0	Chord	4/4	2	1	1			1	1	387	do			
42	42	372	4.0	0	0	Chord	4/4	3	1	1			1	1	388	do			
42	42	372	4.0	0	0	Chord	4/4	4	1	1			1	1	389				
43	43	753/2	0.5	1/8	1/8	Chord	4/4	1	1	1/8			1/8	1	390	A-			
43	43	377	2.0	1/4	1/4	Chord	4/4	1	1	1/2			1/2	1	391	min-			
43	43	379	1.0	3/4	3/4	Chord	4/4	1	1	1/4			1/4	1	392	ta io			
43	43	376	2.0	0	0	Chord	4/4	4	1	1/2			1/2	1	393				
43	43	378	2.0	1/2	1/2	Chord	4/4	4	1	1/2			1/2	1	394				
44	44	380	1.0	0	0	Chord	4/4	1	1	1/4			1/4	1	395	son			
44	44	763/2	0.5	3/8	3/8	Chord	4/4	1	1	1/8			1/8	1	396	se			
44	44	382	0.75	1/2	1/2	Chord	4/4	1	1	3/16			1/8	3/2	397	ben			
44	44	1531/4	0.25	11/16	11/16	Chord	4/4	1	1	1/16			1/16	1	398	son			
44	44	383	1.0	3/4	3/4	Chord	4/4	1	1	1/4			1/4	1	399	ma-			
44	44	380	2.0	0	0	Chord	4/4	4	1	1/2			1/2	1	400				
44	44	382	2.0	1/2	1/2	Chord	4/4	4	1	1/2			1/2	1	401				
45	45	384	1.0	0	0	Chord	4/4	1	1	1/4			1/4	1	402	-			
45	45	385	1.0	1/4	1/4	Chord	4/4	1	1	1/4			1/4	1	403	gro			
45	45	769/2	0.5	1/8	1/8	Chord	4/4	2	1	1/8			1/8	1	404	A-			
45	45	385	2.0	1/4	1/4	Chord	4/4	2	1	1/2			1/2	1	405	min-			
45	45	387	1.0	3/4	3/4	Chord	4/4	2	1	1/4			1/4	1	406	ta io			
45	45	387	1.0	3/4	3/4	Chord	4/4	3	1	1/4			1/4	1	407	se			
45	45	384	2.0	0	0	Chord	4/4	4	1	1/2			1/2	1	408				
45	45	386	1.0	1/2	1/2	Chord	4/4	4	1	1/4			1/4	1	409				
45	45	387	1.0	3/4	3/4	Chord	4/4	4	1	1/4			1/4	1	410				
46	46	388	2.0	0	0	Chord	4/4	2	1	1/2			1/2	1	411	son			
46	46	391	1.0	3/4	3/4	Chord	4/4	2	1	1/4			1/4	1	412	se			
46	46	388	0.75	0	0	Chord	4/4	3	1	3/16			1/8	3/2	413	ben			
46	46	1555/4	0.25	3/16	3/16	Chord	4/4	3	1	1/16			1/16	1	414	son			
46	46	389	2.0	1/4	1/4	Chord	4/4	3	1	1/2			1/2	1	415	ma-			
46	46	391	1.0	3/4	3/4	Chord	4/4	3	1	1/4			1/4	1	416	gro			
46	46	388	2.0	0	0	Chord	4/4	4	1	1/2			1/2	1	417				
46	46	390	2.0	1/2	1/2	Chord	4/4	4	1	1/2			1/2	1	418				
47	47	392	0.75	0	0	Chord	4/4	2	1	3/16			1/8	3/2	419	ben			
47	47	1571/4	0.25	3/16	3/16	Chord	4/4	2	1	1/16			1/16	1	420	son			
47	47	393	2.0	1/4	1/4	Chord	4/4	2	1	1/2			1/2	1	421	ma-			
47	47	395	1.0	3/4	3/4	Chord	4/4	2	1	1/4			1/4	1	422	gro			
47	47	395	1.0	3/4	3/4	Chord	4/4	3	1	1/4			1/4	1	423	se			
47	47	392	4.0	0	0	Chord	4/4	4	1	1			1	1	424				
48	48	399	1.0	3/4	3/4	Chord	4/4	1	1	1/4			1/4	1	425	se			
48	48	399	1.0	3/4	3/4	Chord	4/4	2	1	1/4			1/4	1	426	se			
48	48	396	0.75	0	0	Chord	4/4	3	1	3/16			1/8	3/2	427	ben			
48	48	1587/4	0.25	3/16	3/16	Chord	4/4	3	1	1/16			1/16	1	428	son			
48	48	397	2.0	1/4	1/4	Chord	4/4	3	1	1/2			1/2	1	429	ma-			
48	48	399	1.0	3/4	3/4	Chord	4/4	3	1	1/4			1/4	1	430	gro e			
48	48	396	4.0	0	0	Chord	4/4	4	1	1			1	1	431				
49	49	400	0.75	0	0	Chord	4/4	1	1	3/16			1/8	3/2	432	ben			
49	49	1603/4	0.25	3/16	3/16	Chord	4/4	1	1	1/16			1/16	1	433	son			
49	49	401	2.0	1/4	1/4	Chord	4/4	1	1	1/2			1/2	1	434	ma-			
49	49	403	1.0	3/4	3/4	Chord	4/4	1	1	1/4			1/4	1	435	gro e			
49	49	400	0.75	0	0	Chord	4/4	2	1	3/16			1/8	3/2	436	ben			
49	49	1603/4	0.25	3/16	3/16	Chord	4/4	2	1	1/16			1/16	1	437	son			
49	49	401	2.0	1/4	1/4	Chord	4/4	2	1	1/2			1/2	1	438	ma-			
49	49	403	1.0	3/4	3/4	Chord	4/4	2	1	1/4			1/4	1	439	gro e			
49	49	400	4.0	0	0	Chord	4/4	3	1	1			1	1	440	pal-			
49	49	400	4.0	0	0	Chord	4/4	4	1	1			1	1	441				
50	50	404	3.0	0	0	Chord	4/4	1	1	3/4			1/2	3/2	442	pal-			
50	50	407	1.0	3/4	3/4	Chord	4/4	1	1	1/4			1/4	1	443	li-			
50	50	404	3.0	0	0	Chord	4/4	2	1	3/4			1/2	3/2	444	pal-			
50	50	407	1.0	3/4	3/4	Chord	4/4	2	1	1/4			1/4	1	445	li-			
50	50	404	2.0	0	0	Chord	4/4	3	1	1/2			1/2	1	446	-			
50	50	406	2.0	1/2	1/2	Chord	4/4	3	1	1/2			1/2	1	447	li-			
50	50	404	2.0	0	0	Chord	4/4	4	1	1/2			1/2	1	448				
50	50	406	2.0	1/2	1/2	Chord	4/4	4	1	1/2			1/2	1	449				
51	51	408	4.0	0	0	Chord	4/4	1	1	1			1	1	450	do			
51	51	408	4.0	0	0	Chord	4/4	2	1	1			1	1	451	do			
51	51	408	4.0	0	0	Chord	4/4	3	1	1			1	1	452	do			
51	51	408	4.0	0	0	Chord	4/4	4	1	1			1	1	453				
52	52	412	2.0	0	0	Chord	4/4	2	1	1/2			1/2	1	454	Quel-			
52	52	414	0.5	1/2	1/2	Chord	4/4	2	1	1/8			1/8	1	455	le			
52	52	829/2	0.5	5/8	5/8	Chord	4/4	2	1	1/8			1/8	1	456	mie			
52	52	415	0.75	3/4	3/4	Chord	4/4	2	1	3/16			1/8	3/2	457	cal-			
52	52	1663/4	0.25	15/16	15/16	Chord	4/4	2	1	1/16			1/16	1	458	de			
52	52	412	4.0	0	0	Chord	4/4	4	1	1			1	1	459				
53	53	416	0.75	0	0	Chord	4/4	2	1	3/16			1/8	3/2	460	la-			
53	53	1667/4	0.25	3/16	3/16	Chord	4/4	2	1	1/16			1/16	1	461	gri-			
53	53	417	1.0	1/4	1/4	Chord	4/4	2	1	1/4			1/4	1	462	me			
53	53	837/2	0.5	5/8	5/8	Chord	4/4	2	1	1/8			1/8	1	463	che			
53	53	419	0.5	3/4	3/4	Chord	4/4	2	1	1/8			1/8	1	464	da			
53	53	839/2	0.5	7/8	7/8	Chord	4/4	2	1	1/8			1/8	1	465	que-			
53	53	416	2.0	0	0	Chord	4/4	4	1	1/2			1/2	1	466				
53	53	837/2	0.5	5/8	5/8	Chord	4/4	4	1	1/8			1/8	1	467				
53	53	419	0.5	3/4	3/4	Chord	4/4	4	1	1/8			1/8	1	468				
53	53	839/2	0.5	7/8	7/8	Chord	4/4	4	1	1/8			1/8	1	469				
54	54	420	0.75	0	0	Chord	4/4	2	1	3/16			1/8	3/2	470	st'oc-			
54	54	1683/4	0.25	3/16	3/16	Chord	4/4	2	1	1/16			1/16	1	471	chi o-			
54	54	421	1.5	1/4	1/4	Chord	4/4	2	1	3/8			1/4	3/2	472	gn'hor			
54	54	845/2	0.5	5/8	5/8	Chord	4/4	2	1	1/8			1/8	1	473	si			
54	54	423	0.75	3/4	3/4	Chord	4/4	2	1	3/16			1/8	3/2	474	veg-			
54	54	1695/4	0.25	15/16	15/16	Chord	4/4	2	1	1/16			1/16	1	475	gon			
54	54	420	4.0	0	0	Chord	4/4	4	1	1			1	1	476				
55	55	424	0.75	0	0	Chord	4/4	2	1	3/16			1/8	3/2	477	pio-			
55	55	1699/4	0.25	3/16	3/16	Chord	4/4	2	1	1/16			1/16	1	478	ve-			
55	55	425	1.0	1/4	1/4	Chord	4/4	2	1	1/4			1/4	1	479	re			
55	55	424	2.0	0	0	Chord	4/4	4	1	1/2			1/2	1	480				
56	56	428	1.0	0	0	Chord	4/4	2	1	1/4			1/4	1	481	han			
56	56	429	1.5	1/4	1/4	Chord	4/4	2	1	3/8			1/4	3/2	482	for-			
56	56	861/2	0.5	5/8	5/8	Chord	4/4	2	1	1/8			1/8	1	483	za			
56	56	431	0.5	3/4	3/4	Chord	4/4	2	1	1/8			1/8	1	484	di			
56	56	863/2	0.5	7/8	7/8	Chord	4/4	2	1	1/8			1/8	1	485	com-			
56	56	428	2.0	0	0	Chord	4/4	3	1	1/2			1/2	1	486	Que-			
56	56	430	0.5	1/2	1/2	Chord	4/4	3	1	1/8			1/8	1	487	ste			
56	56	861/2	0.5	5/8	5/8	Chord	4/4	3	1	1/8			1/8	1	488	mie			
56	56	431	0.75	3/4	3/4	Chord	4/4	3	1	3/16			1/8	3/2	489	cal-			
56	56	1727/4	0.25	15/16	15/16	Chord	4/4	3	1	1/16			1/16	1	490	de			
56	56	428	3.0	0	0	Chord	4/4	4	1	3/4			1/2	3/2	491				
56	56	431	0.75	3/4	3/4	Chord	4/4	4	1	3/16			1/8	3/2	492				
56	56	1727/4	0.25	15/16	15/16	Chord	4/4	4	1	1/16			1/16	1	493				
57	57	432	0.75	0	0	Chord	4/4	2	1	3/16			1/8	3/2	494	mo-			
57	57	1731/4	0.25	3/16	3/16	Chord	4/4	2	1	1/16			1/16	1	495	ve-			
57	57	433	1.0	1/4	1/4	Chord	4/4	2	1	1/4			1/4	1	496	re			
57	57	869/2	0.5	5/8	5/8	Chord	4/4	2	1	1/8			1/8	1	497	o-			
57	57	435	0.5	3/4	3/4	Chord	4/4	2	1	1/8			1/8	1	498	gni			
57	57	871/2	0.5	7/8	7/8	Chord	4/4	2	1	1/8			1/8	1	499	più			
57	57	432	0.75	0	0	Chord	4/4	3	1	3/16			1/8	3/2	500	la-			
57	57	1731/4	0.25	3/16	3/16	Chord	4/4	3	1	1/16			1/16	1	501	gri-			
57	57	433	1.0	1/4	1/4	Chord	4/4	3	1	1/4			1/4	1	502	me			
57	57	869/2	0.5	5/8	5/8	Chord	4/4	3	1	1/8			1/8	1	503	che			
57	57	435	0.5	3/4	3/4	Chord	4/4	3	1	1/8			1/8	1	504	da			
57	57	871/2	0.5	7/8	7/8	Chord	4/4	3	1	1/8			1/8	1	505	que-			
57	57	432	2.0	0	0	Chord	4/4	4	1	1/2			1/2	1	506				
57	57	869/2	0.5	5/8	5/8	Chord	4/4	4	1	1/8			1/8	1	507				
57	57	435	0.5	3/4	3/4	Chord	4/4	4	1	1/8			1/8	1	508				
57	57	871/2	0.5	7/8	7/8	Chord	4/4	4	1	1/8			1/8	1	509				
58	58	436	1.5	0	0	Chord	4/4	2	1	3/8			1/4	3/2	510	du-			
58	58	875/2	0.5	3/8	3/8	Chord	4/4	2	1	1/8			1/8	1	511	ro			
58	58	438	2.0	1/2	1/2	Chord	4/4	2	1	1/2			1/2	1	512	cor			
58	58	436	0.75	0	0	Chord	4/4	3	1	3/16			1/8	3/2	513	st'oc-			
58	58	1747/4	0.25	3/16	3/16	Chord	4/4	3	1	1/16			1/16	1	514	chi o-			
58	58	437	1.5	1/4	1/4	Chord	4/4	3	1	3/8			1/4	3/2	515	gn'hor			
58	58	877/2	0.5	5/8	5/8	Chord	4/4	3	1	1/8			1/8	1	516	si			
58	58	439	0.5	3/4	3/4	Chord	4/4	3	1	1/8			1/8	1	517	veg-			
58	58	879/2	0.5	7/8	7/8	Chord	4/4	3	1	1/8			1/8	1	518	gon			
58	58	436	1.0	0	0	Chord	4/4	4	1	1/4			1/4	1	519				
58	58	437	2.0	1/4	1/4	Chord	4/4	4	1	1/2			1/2	1	520				
58	58	439	0.75	3/4	3/4	Chord	4/4	4	1	3/16			1/8	3/2	521				
58	58	1759/4	0.25	15/16	15/16	Chord	4/4	4	1	1/16			1/16	1	522				
59	59	885/2	0.5	5/8	5/8	Chord	4/4	2	1	1/8			1/8	1	523	o-			
59	59	443	0.5	3/4	3/4	Chord	4/4	2	1	1/8			1/8	1	524	gni			
59	59	887/2	0.5	7/8	7/8	Chord	4/4	2	1	1/8			1/8	1	525	più			
59	59	440	0.75	0	0	Chord	4/4	3	1	3/16			1/8	3/2	526	pio-			
59	59	1763/4	0.25	3/16	3/16	Chord	4/4	3	1	1/16			1/16	1	527	ve-			
59	59	441	1.0	1/4	1/4	Chord	4/4	3	1	1/4			1/4	1	528	re			
59	59	440	2.0	0	0	Chord	4/4	4	1	1/2			1/2	1	529				
59	59	442	2.0	1/2	1/2	Chord	4/4	4	1	1/2			1/2	1	530				
60	60	444	2.0	0	0	Chord	4/4	1	1	1/2			1/2	1	531	Que-			
60	60	446	0.5	1/2	1/2	Chord	4/4	1	1	1/8			1/8	1	532	ste			
60	60	893/2	0.5	5/8	5/8	Chord	4/4	1	1	1/8			1/8	1	533	mie			
60	60	447	0.75	3/4	3/4	Chord	4/4	1	1	3/16			1/8	3/2	534	cal-			
60	60	1791/4	0.25	15/16	15/16	Chord	4/4	1	1	1/16			1/16	1	535	de			
60	60	444	3.0	0	0	Chord	4/4	2	1	3/4			1/2	3/2	536	du-			
60	60	447	1.0	3/4	3/4	Chord	4/4	2	1	1/4			1/4	1	537	ro			
60	60	444	1.0	0	0	Chord	4/4	3	1	1/4			1/4	1	538	han			
60	60	445	1.5	1/4	1/4	Chord	4/4	3	1	3/8			1/4	3/2	539	for-			
60	60	893/2	0.5	5/8	5/8	Chord	4/4	3	1	1/8			1/8	1	540	za			
60	60	447	0.5	3/4	3/4	Chord	4/4	3	1	1/8			1/8	1	541	di			
60	60	895/2	0.5	7/8	7/8	Chord	4/4	3	1	1/8			1/8	1	542	com-			
60	60	444	1.0	0	0	Chord	4/4	4	1	1/4			1/4	1	543				
60	60	445	2.0	1/4	1/4	Chord	4/4	4	1	1/2			1/2	1	544				
60	60	447	0.5	3/4	3/4	Chord	4/4	4	1	1/8			1/8	1	545				
60	60	895/2	0.5	7/8	7/8	Chord	4/4	4	1	1/8			1/8	1	546				
61	61	448	0.75	0	0	Chord	4/4	1	1	3/16			1/8	3/2	547	la-			
61	61	1795/4	0.25	3/16	3/16	Chord	4/4	1	1	1/16			1/16	1	548	gri-			
61	61	449	1.0	1/4	1/4	Chord	4/4	1	1	1/4			1/4	1	549	me			
61	61	901/2	0.5	5/8	5/8	Chord	4/4	1	1	1/8			1/8	1	550	che			
61	61	451	0.5	3/4	3/4	Chord	4/4	1	1	1/8			1/8	1	551	da			
61	61	903/2	0.5	7/8	7/8	Chord	4/4	1	1	1/8			1/8	1	552	que-			
61	61	448	2.0	0	0	Chord	4/4	2	1	1/2			1/2	1	553	cor			
61	61	901/2	0.5	5/8	5/8	Chord	4/4	2	1	1/8			1/8	1	554	qpie-			
61	61	451	1.0	3/4	3/4	Chord	4/4	2	1	1/4			1/4	1	555	ta-			
61	61	448	0.75	0	0	Chord	4/4	3	1	3/16			1/8	3/2	556	mo-			
61	61	1795/4	0.25	3/16	3/16	Chord	4/4	3	1	1/16			1/16	1	557	ve-			
61	61	449	1.0	1/4	1/4	Chord	4/4	3	1	1/4			1/4	1	558	re			
61	61	901/2	0.5	5/8	5/8	Chord	4/4	3	1	1/8			1/8	1	559	o-			
61	61	451	0.5	3/4	3/4	Chord	4/4	3	1	1/8			1/8	1	560	gni			
61	61	903/2	0.5	7/8	7/8	Chord	4/4	3	1	1/8			1/8	1	561	più			
61	61	448	2.0	0	0	Chord	4/4	4	1	1/2			1/2	1	562				
61	61	901/2	0.5	5/8	5/8	Chord	4/4	4	1	1/8			1/8	1	563				
61	61	451	0.5	3/4	3/4	Chord	4/4	4	1	1/8			1/8	1	564				
61	61	903/2	0.5	7/8	7/8	Chord	4/4	4	1	1/8			1/8	1	565				
62	62	452	0.75	0	0	Chord	4/4	1	1	3/16			1/8	3/2	566	st'oc-			
62	62	1811/4	0.25	3/16	3/16	Chord	4/4	1	1	1/16			1/16	1	567	chi o-			
62	62	453	1.5	1/4	1/4	Chord	4/4	1	1	3/8			1/4	3/2	568	gn'hor			
62	62	909/2	0.5	5/8	5/8	Chord	4/4	1	1	1/8			1/8	1	569	si			
62	62	455	0.5	3/4	3/4	Chord	4/4	1	1	1/8			1/8	1	570	veg-			
62	62	911/2	0.5	7/8	7/8	Chord	4/4	1	1	1/8			1/8	1	571	gon			
62	62	452	1.0	0	0	Chord	4/4	2	1	1/4			1/4	1	572	-			
62	62	453	1.0	1/4	1/4	Chord	4/4	2	1	1/4			1/4	1	573	to e			
62	62	454	0.75	1/2	1/2	Chord	4/4	2	1	3/16			1/8	3/2	574	ri-			
62	62	1819/4	0.25	11/16	11/16	Chord	4/4	2	1	1/16			1/16	1	575	gi-			
62	62	455	1.0	3/4	3/4	Chord	4/4	2	1	1/4			1/4	1	576	do			
62	62	452	1.5	0	0	Chord	4/4	3	1	3/8			1/4	3/2	577	du-			
62	62	907/2	0.5	3/8	3/8	Chord	4/4	3	1	1/8			1/8	1	578	ro			
62	62	454	2.0	1/2	1/2	Chord	4/4	3	1	1/2			1/2	1	579	cor			
62	62	452	2.0	0	0	Chord	4/4	4	1	1/2			1/2	1	580				
62	62	454	2.0	1/2	1/2	Chord	4/4	4	1	1/2			1/2	1	581				
63	63	456	0.75	0	0	Chord	4/4	1	1	3/16			1/8	3/2	582	pio-			
63	63	1827/4	0.25	3/16	3/16	Chord	4/4	1	1	1/16			1/16	1	583	ve-			
63	63	457	1.0	1/4	1/4	Chord	4/4	1	1	1/4			1/4	1	584	re			
63	63	913/2	0.5	1/8	1/8	Chord	4/4	3	1	1/8			1/8	1	585	o-			
63	63	457	0.5	1/4	1/4	Chord	4/4	3	1	1/8			1/8	1	586	gni			
63	63	915/2	0.5	3/8	3/8	Chord	4/4	3	1	1/8			1/8	1	587	più			
63	63	458	2.0	1/2	1/2	Chord	4/4	3	1	1/2			1/2	1	588	du-			
63	63	456	0.5	0	0	Chord	4/4	4	1	1/8			1/8	1	589				
63	63	913/2	0.5	1/8	1/8	Chord	4/4	4	1	1/8			1/8	1	590				
63	63	457	0.5	1/4	1/4	Chord	4/4	4	1	1/8			1/8	1	591				
63	63	915/2	0.5	3/8	3/8	Chord	4/4	4	1	1/8			1/8	1	592				
63	63	458	2.0	1/2	1/2	Chord	4/4	4	1	1/2			1/2	1	593				
64	64	460	1.0	0	0	Chord	4/4	1	1	1/4			1/4	1	594	han			
64	64	461	1.5	1/4	1/4	Chord	4/4	1	1	3/8			1/4	3/2	595	for-			
64	64	925/2	0.5	5/8	5/8	Chord	4/4	1	1	1/8			1/8	1	596	za			
64	64	463	0.5	3/4	3/4	Chord	4/4	1	1	1/8			1/8	1	597	di			
64	64	927/2	0.5	7/8	7/8	Chord	4/4	1	1	1/8			1/8	1	598	com-			
64	64	460	1.0	0	0	Chord	4/4	2	1	1/4			1/4	1	599	han			
64	64	461	1.5	1/4	1/4	Chord	4/4	2	1	3/8			1/4	3/2	600	for-			
64	64	925/2	0.5	5/8	5/8	Chord	4/4	2	1	1/8			1/8	1	601	za			
64	64	463	0.5	3/4	3/4	Chord	4/4	2	1	1/8			1/8	1	602	di			
64	64	927/2	0.5	7/8	7/8	Chord	4/4	2	1	1/8			1/8	1	603	com-			
64	64	460	1.0	0	0	Chord	4/4	3	1	1/4			1/4	1	604	-			
64	64	461	1.0	1/4	1/4	Chord	4/4	3	1	1/4			1/4	1	605	ro			
64	64	462	2.0	1/2	1/2	Chord	4/4	3	1	1/2			1/2	1	606	cor			
64	64	460	1.0	0	0	Chord	4/4	4	1	1/4			1/4	1	607				
64	64	461	1.0	1/4	1/4	Chord	4/4	4	1	1/4			1/4	1	608				
64	64	462	2.0	1/2	1/2	Chord	4/4	4	1	1/2			1/2	1	609				
65	65	464	0.75	0	0	Chord	4/4	1	1	3/16			1/8	3/2	610	mo-			
65	65	1859/4	0.25	3/16	3/16	Chord	4/4	1	1	1/16			1/16	1	611	ve-			
65	65	465	1.0	1/4	1/4	Chord	4/4	1	1	1/4			1/4	1	612	re			
65	65	933/2	0.5	5/8	5/8	Chord	4/4	1	1	1/8			1/8	1	613	o-			
65	65	467	0.5	3/4	3/4	Chord	4/4	1	1	1/8			1/8	1	614	gni			
65	65	935/2	0.5	7/8	7/8	Chord	4/4	1	1	1/8			1/8	1	615	più			
65	65	464	0.75	0	0	Chord	4/4	2	1	3/16			1/8	3/2	616	mo-			
65	65	1859/4	0.25	3/16	3/16	Chord	4/4	2	1	1/16			1/16	1	617	ve-			
65	65	465	1.0	1/4	1/4	Chord	4/4	2	1	1/4			1/4	1	618	re			
65	65	933/2	0.5	5/8	5/8	Chord	4/4	2	1	1/8			1/8	1	619	o-			
65	65	467	0.5	3/4	3/4	Chord	4/4	2	1	1/8			1/8	1	620	gni			
65	65	935/2	0.5	7/8	7/8	Chord	4/4	2	1	1/8			1/8	1	621	più			
65	65	929/2	0.5	1/8	1/8	Chord	4/4	3	1	1/8			1/8	1	622	spie-			
65	65	465	2.0	1/4	1/4	Chord	4/4	3	1	1/2			1/2	1	623	ta-			
65	65	467	1.0	3/4	3/4	Chord	4/4	3	1	1/4			1/4	1	624	to e			
65	65	464	1.0	0	0	Chord	4/4	4	1	1/4			1/4	1	625				
65	65	465	2.0	1/4	1/4	Chord	4/4	4	1	1/2			1/2	1	626				
65	65	467	1.0	3/4	3/4	Chord	4/4	4	1	1/4			1/4	1	627				
66	66	468	1.5	0	0	Chord	4/4	1	1	3/8			1/4	3/2	628	du-			
66	66	939/2	0.5	3/8	3/8	Chord	4/4	1	1	1/8			1/8	1	629	ro			
66	66	470	2.0	1/2	1/2	Chord	4/4	1	1	1/2			1/2	1	630	cor			
66	66	468	1.5	0	0	Chord	4/4	2	1	3/8			1/4	3/2	631	du-			
66	66	939/2	0.5	3/8	3/8	Chord	4/4	2	1	1/8			1/8	1	632	ro			
66	66	470	2.0	1/2	1/2	Chord	4/4	2	1	1/2			1/2	1	633	cor			
66	66	468	1.5	0	0	Chord	4/4	3	1	3/8			1/4	3/2	634	ri-			
66	66	939/2	0.5	3/8	3/8	Chord	4/4	3	1	1/8			1/8	1	635	gi-			
66	66	470	2.0	1/2	1/2	Chord	4/4	3	1	1/2			1/2	1	636	do			
66	66	468	2.0	0	0	Chord	4/4	4	1	1/2			1/2	1	637				
66	66	470	2.0	1/2	1/2	Chord	4/4	4	1	1/2			1/2	1	638				
67	67	945/2	0.5	1/8	1/8	Chord	4/4	1	1	1/8			1/8	1	639	o-			
67	67	473	0.5	1/4	1/4	Chord	4/4	1	1	1/8			1/8	1	640	gni			
67	67	947/2	0.5	3/8	3/8	Chord	4/4	1	1	1/8			1/8	1	641	più			
67	67	474	2.0	1/2	1/2	Chord	4/4	1	1	1/2			1/2	1	642	du-			
67	67	945/2	0.5	1/8	1/8	Chord	4/4	2	1	1/8			1/8	1	643	o-			
67	67	473	0.5	1/4	1/4	Chord	4/4	2	1	1/8			1/8	1	644	gni			
67	67	947/2	0.5	3/8	3/8	Chord	4/4	2	1	1/8			1/8	1	645	più			
67	67	474	2.0	1/2	1/2	Chord	4/4	2	1	1/2			1/2	1	646	du-			
67	67	945/2	0.5	1/8	1/8	Chord	4/4	3	1	1/8			1/8	1	647	o-			
67	67	473	0.5	1/4	1/4	Chord	4/4	3	1	1/8			1/8	1	648	gni			
67	67	947/2	0.5	3/8	3/8	Chord	4/4	3	1	1/8			1/8	1	649	più			
67	67	474	2.0	1/2	1/2	Chord	4/4	3	1	1/2			1/2	1	650	du-			
67	67	472	2.0	0	0	Chord	4/4	4	1	1/2			1/2	1	651				
67	67	474	2.0	1/2	1/2	Chord	4/4	4	1	1/2			1/2	1	652				
68	68	476	0.5	0	0	Chord	4/4	1	1	1/8			1/8	1	653	-			
68	68	953/2	0.5	1/8	1/8	Chord	4/4	1	1	1/8			1/8	1	654	ro			
68	68	477	1.0	1/4	1/4	Chord	4/4	1	1	1/4			1/4	1	655	cor			
68	68	476	0.5	0	0	Chord	4/4	2	1	1/8			1/8	1	656	-			
68	68	953/2	0.5	1/8	1/8	Chord	4/4	2	1	1/8			1/8	1	657	ro			
68	68	477	1.0	1/4	1/4	Chord	4/4	2	1	1/4			1/4	1	658	cor			
68	68	476	0.5	0	0	Chord	4/4	3	1	1/8			1/8	1	659	-			
68	68	953/2	0.5	1/8	1/8	Chord	4/4	3	1	1/8			1/8	1	660	ro			
68	68	477	1.0	1/4	1/4	Chord	4/4	3	1	1/4			1/4	1	661	cor			
68	68	476	1.0	0	0	Chord	4/4	4	1	1/4			1/4	1	662				
68	68	477	1.0	1/4	1/4	Chord	4/4	4	1	1/4			1/4	1	663				
69	69	480	1.0	0	0	Chord	4/4	1	1	1/4			1/4	1	664	spie-			
69	69	481	2.0	1/4	1/4	Chord	4/4	1	1	1/2			1/2	1	665	ta-			
69	69	483	1.0	3/4	3/4	Chord	4/4	1	1	1/4			1/4	1	666	to e			
69	69	480	1.0	0	0	Chord	4/4	2	1	1/4			1/4	1	667	spie-			
69	69	481	2.0	1/4	1/4	Chord	4/4	2	1	1/2			1/2	1	668	ta-			
69	69	483	1.0	3/4	3/4	Chord	4/4	2	1	1/4			1/4	1	669	to e			
69	69	480	1.0	0	0	Chord	4/4	3	1	1/4			1/4	1	670	spie-			
69	69	481	2.0	1/4	1/4	Chord	4/4	3	1	1/2			1/2	1	671	ta-			
69	69	483	1.0	3/4	3/4	Chord	4/4	3	1	1/4			1/4	1	672	to e			
69	69	480	1.0	0	0	Chord	4/4	4	1	1/4			1/4	1	673				
69	69	481	2.0	1/4	1/4	Chord	4/4	4	1	1/2			1/2	1	674				
69	69	483	1.0	3/4	3/4	Chord	4/4	4	1	1/4			1/4	1	675				
70	70	484	1.5	0	0	Chord	4/4	1	1	3/8			1/4	3/2	676	ri-			
70	70	971/2	0.5	3/8	3/8	Chord	4/4	1	1	1/8			1/8	1	677	gi-			
70	70	486	2.0	1/2	1/2	Chord	4/4	1	1	1/2			1/2	1	678	do			
70	70	484	1.5	0	0	Chord	4/4	2	1	3/8			1/4	3/2	679	ri-			
70	70	971/2	0.5	3/8	3/8	Chord	4/4	2	1	1/8			1/8	1	680	gi-			
70	70	486	1.0	1/2	1/2	Chord	4/4	2	1	1/4			1/4	1	681	do			
70	70	975/2	0.5	7/8	7/8	Chord	4/4	2	1	1/8			1/8	1	682	ma'l			
70	70	484	1.5	0	0	Chord	4/4	3	1	3/8			1/4	3/2	683	ri-			
70	70	971/2	0.5	3/8	3/8	Chord	4/4	3	1	1/8			1/8	1	684	gi-			
70	70	486	2.0	1/2	1/2	Chord	4/4	3	1	1/2			1/2	1	685	do			
70	70	484	2.0	0	0	Chord	4/4	4	1	1/2			1/2	1	686				
70	70	486	1.0	1/2	1/2	Chord	4/4	4	1	1/4			1/4	1	687				
70	70	487	1.0	3/4	3/4	Chord	4/4	4	1	1/4			1/4	1	688				
71	71	488	1.0	0	0	Chord	4/4	2	1	1/4			1/4	1	689	tuo			
71	71	489	1.0	1/4	1/4	Chord	4/4	2	1	1/4			1/4	1	690	non			
71	71	490	0.5	1/2	1/2	Chord	4/4	2	1	1/8			1/8	1	691	già			
71	71	981/2	0.5	5/8	5/8	Chord	4/4	2	1	1/8			1/8	1	692	ch'è			
71	71	491	0.5	3/4	3/4	Chord	4/4	2	1	1/8			1/8	1	693	più			
71	71	983/2	0.5	7/8	7/8	Chord	4/4	2	1	1/8			1/8	1	694	d'un			
71	71	488	1.0	0	0	Chord	4/4	4	1	1/4			1/4	1	695				
71	71	489	1.0	1/4	1/4	Chord	4/4	4	1	1/4			1/4	1	696				
71	71	490	2.0	1/2	1/2	Chord	4/4	4	1	1/2			1/2	1	697				
72	72	492	1.5	0	0	Chord	4/4	2	1	3/8			1/4	3/2	698	giac-			
72	72	987/2	0.5	3/8	3/8	Chord	4/4	2	1	1/8			1/8	1	699	cio			
72	72	494	1.5	1/2	1/2	Chord	4/4	2	1	3/8			1/4	3/2	700	fri-			
72	72	991/2	0.5	7/8	7/8	Chord	4/4	2	1	1/8			1/8	1	701	gi-			
72	72	495	1.0	3/4	3/4	Chord	4/4	3	1	1/4			1/4	1	702	ma'l			
72	72	492	3.0	0	0	Chord	4/4	4	1	3/4			1/2	3/2	703				
72	72	495	1.0	3/4	3/4	Chord	4/4	4	1	1/4			1/4	1	704				
73	73	496	2.0	0	0	Chord	4/4	2	1	1/2			1/2	1	705	do			
73	73	496	1.0	0	0	Chord	4/4	3	1	1/4			1/4	1	706	tuo			
73	73	497	1.0	1/4	1/4	Chord	4/4	3	1	1/4			1/4	1	707	non			
73	73	498	0.5	1/2	1/2	Chord	4/4	3	1	1/8			1/8	1	708	già			
73	73	997/2	0.5	5/8	5/8	Chord	4/4	3	1	1/8			1/8	1	709	ch'è			
73	73	499	0.5	3/4	3/4	Chord	4/4	3	1	1/8			1/8	1	710	più			
73	73	999/2	0.5	7/8	7/8	Chord	4/4	3	1	1/8			1/8	1	711	d'un			
73	73	496	1.0	0	0	Chord	4/4	4	1	1/4			1/4	1	712				
73	73	497	1.0	1/4	1/4	Chord	4/4	4	1	1/4			1/4	1	713				
73	73	498	1.0	1/2	1/2	Chord	4/4	4	1	1/4			1/4	1	714				
73	73	499	1.0	3/4	3/4	Chord	4/4	4	1	1/4			1/4	1	715				
74	74	501	1.0	1/4	1/4	Chord	4/4	1	1	1/4			1/4	1	716	ma'l			
74	74	502	1.0	1/2	1/2	Chord	4/4	1	1	1/4			1/4	1	717	tuo			
74	74	503	1.0	3/4	3/4	Chord	4/4	1	1	1/4			1/4	1	718	non			
74	74	503	1.0	3/4	3/4	Chord	4/4	2	1	1/4			1/4	1	719	ma'l			
74	74	500	1.5	0	0	Chord	4/4	3	1	3/8			1/4	3/2	720	giac-			
74	74	1003/2	0.5	3/8	3/8	Chord	4/4	3	1	1/8			1/8	1	721	cio			
74	74	502	1.5	1/2	1/2	Chord	4/4	3	1	3/8			1/4	3/2	722	fri-			
74	74	1007/2	0.5	7/8	7/8	Chord	4/4	3	1	1/8			1/8	1	723	gi-			
74	74	500	1.0	0	0	Chord	4/4	4	1	1/4			1/4	1	724				
74	74	501	1.0	1/4	1/4	Chord	4/4	4	1	1/4			1/4	1	725				
74	74	502	2.0	1/2	1/2	Chord	4/4	4	1	1/2			1/2	1	726				
75	75	504	2.0	0	0	Chord	4/4	1	1	1/2			1/2	1	727	già			
75	75	1013/2	0.5	5/8	5/8	Chord	4/4	1	1	1/8			1/8	1	728	ch'è			
75	75	507	0.5	3/4	3/4	Chord	4/4	1	1	1/8			1/8	1	729	più			
75	75	1015/2	0.5	7/8	7/8	Chord	4/4	1	1	1/8			1/8	1	730	d'un			
75	75	504	1.0	0	0	Chord	4/4	2	1	1/4			1/4	1	731	tuo			
75	75	505	1.0	1/4	1/4	Chord	4/4	2	1	1/4			1/4	1	732	non			
75	75	506	2.0	1/2	1/2	Chord	4/4	2	1	1/2			1/2	1	733	già			
75	75	504	2.0	0	0	Chord	4/4	3	1	1/2			1/2	1	734	do			
75	75	504	2.0	0	0	Chord	4/4	4	1	1/2			1/2	1	735				
75	75	506	2.0	1/2	1/2	Chord	4/4	4	1	1/2			1/2	1	736				
76	76	508	1.0	0	0	Chord	4/4	1	1	1/4			1/4	1	737	giac-			
76	76	509	1.0	1/4	1/4	Chord	4/4	1	1	1/4			1/4	1	738	cio			
76	76	510	1.5	1/2	1/2	Chord	4/4	1	1	3/8			1/4	3/2	739	fri-			
76	76	1023/2	0.5	7/8	7/8	Chord	4/4	1	1	1/8			1/8	1	740	gi-			
76	76	1017/2	0.5	1/8	1/8	Chord	4/4	2	1	1/8			1/8	1	741	ch'è			
76	76	509	0.5	1/4	1/4	Chord	4/4	2	1	1/8			1/8	1	742	più			
76	76	1019/2	0.5	3/8	3/8	Chord	4/4	2	1	1/8			1/8	1	743	d'un			
76	76	510	1.0	1/2	1/2	Chord	4/4	2	1	1/4			1/4	1	744	giac-			
76	76	511	1.0	3/4	3/4	Chord	4/4	2	1	1/4			1/4	1	745	cio			
76	76	1017/2	0.5	1/8	1/8	Chord	4/4	4	1	1/8			1/8	1	746				
76	76	509	0.5	1/4	1/4	Chord	4/4	4	1	1/8			1/8	1	747				
76	76	1019/2	0.5	3/8	3/8	Chord	4/4	4	1	1/8			1/8	1	748				
76	76	510	1.0	1/2	1/2	Chord	4/4	4	1	1/4			1/4	1	749				
76	76	511	1.0	3/4	3/4	Chord	4/4	4	1	1/4			1/4	1	750				
77	77	512	2.0	0	0	Chord	4/4	1	1	1/2			1/2	1	751	do			
77	77	512	1.5	0	0	Chord	4/4	2	1	3/8			1/4	3/2	752	fri-			
77	77	1027/2	0.5	3/8	3/8	Chord	4/4	2	1	1/8			1/8	1	753	gi-			
77	77	514	2.0	1/2	1/2	Chord	4/4	2	1	1/2			1/2	1	754	do			
77	77	513	1.0	1/4	1/4	Chord	4/4	3	1	1/4			1/4	1	755	Ma'l			
77	77	514	1.0	1/2	1/2	Chord	4/4	3	1	1/4			1/4	1	756	tuo			
77	77	515	1.0	3/4	3/4	Chord	4/4	3	1	1/4			1/4	1	757	non			
77	77	512	1.0	0	0	Chord	4/4	4	1	1/4			1/4	1	758				
77	77	513	1.0	1/4	1/4	Chord	4/4	4	1	1/4			1/4	1	759				
77	77	514	1.0	1/2	1/2	Chord	4/4	4	1	1/4			1/4	1	760				
77	77	515	1.0	3/4	3/4	Chord	4/4	4	1	1/4			1/4	1	761				
78	78	519	1.0	3/4	3/4	Chord	4/4	1	1	1/4			1/4	1	762	ma'l			
78	78	519	1.0	3/4	3/4	Chord	4/4	2	1	1/4			1/4	1	763	ma'l			
78	78	516	0.5	0	0	Chord	4/4	3	1	1/8			1/8	1	764	già			
78	78	1033/2	0.5	1/8	1/8	Chord	4/4	3	1	1/8			1/8	1	765	ch'è			
78	78	517	0.5	1/4	1/4	Chord	4/4	3	1	1/8			1/8	1	766	piè			
78	78	1035/2	0.5	3/8	3/8	Chord	4/4	3	1	1/8			1/8	1	767	d'un			
78	78	518	1.0	1/2	1/2	Chord	4/4	3	1	1/4			1/4	1	768	giac-			
78	78	519	1.0	3/4	3/4	Chord	4/4	3	1	1/4			1/4	1	769	cio			
78	78	516	1.5	0	0	Chord	4/4	4	1	3/8			1/4	3/2	770				
78	78	1035/2	0.5	3/8	3/8	Chord	4/4	4	1	1/8			1/8	1	771				
78	78	518	1.0	1/2	1/2	Chord	4/4	4	1	1/4			1/4	1	772				
78	78	519	1.0	3/4	3/4	Chord	4/4	4	1	1/4			1/4	1	773				
79	79	520	1.0	0	0	Chord	4/4	1	1	1/4			1/4	1	774	tuo			
79	79	521	1.0	1/4	1/4	Chord	4/4	1	1	1/4			1/4	1	775	non			
79	79	522	2.0	1/2	1/2	Chord	4/4	1	1	1/2			1/2	1	776	già			
79	79	520	1.0	0	0	Chord	4/4	2	1	1/4			1/4	1	777	tuo			
79	79	521	1.0	1/4	1/4	Chord	4/4	2	1	1/4			1/4	1	778	non			
79	79	522	0.5	1/2	1/2	Chord	4/4	2	1	1/8			1/8	1	779	già			
79	79	1045/2	0.5	5/8	5/8	Chord	4/4	2	1	1/8			1/8	1	780	ch'è			
79	79	523	0.5	3/4	3/4	Chord	4/4	2	1	1/8			1/8	1	781	più			
79	79	1047/2	0.5	7/8	7/8	Chord	4/4	2	1	1/8			1/8	1	782	d'un			
79	79	520	1.5	0	0	Chord	4/4	3	1	3/8			1/4	3/2	783	fri-			
79	79	1043/2	0.5	3/8	3/8	Chord	4/4	3	1	1/8			1/8	1	784	gi-			
79	79	522	2.0	1/2	1/2	Chord	4/4	3	1	1/2			1/2	1	785	do			
79	79	520	2.0	0	0	Chord	4/4	4	1	1/2			1/2	1	786				
79	79	522	2.0	1/2	1/2	Chord	4/4	4	1	1/2			1/2	1	787				
80	80	1049/2	0.5	1/8	1/8	Chord	4/4	1	1	1/8			1/8	1	788	ch'è			
80	80	525	0.5	1/4	1/4	Chord	4/4	1	1	1/8			1/8	1	789	più			
80	80	1051/2	0.5	3/8	3/8	Chord	4/4	1	1	1/8			1/8	1	790	d'un			
80	80	526	2.0	1/2	1/2	Chord	4/4	1	1	1/2			1/2	1	791	giac-			
80	80	524	1.0	0	0	Chord	4/4	2	1	1/4			1/4	1	792	giac-			
80	80	525	1.0	1/4	1/4	Chord	4/4	2	1	1/4			1/4	1	793	cio			
80	80	1053/2	0.5	5/8	5/8	Chord	4/4	2	1	1/8			1/8	1	794	ch'è			
80	80	527	0.5	3/4	3/4	Chord	4/4	2	1	1/8			1/8	1	795	più			
80	80	1055/2	0.5	7/8	7/8	Chord	4/4	2	1	1/8			1/8	1	796	d'un			
80	80	1049/2	0.5	1/8	1/8	Chord	4/4	3	1	1/8			1/8	1	797	ch'è			
80	80	525	0.5	1/4	1/4	Chord	4/4	3	1	1/8			1/8	1	798	più			
80	80	1051/2	0.5	3/8	3/8	Chord	4/4	3	1	1/8			1/8	1	799	d'un			
80	80	526	1.0	1/2	1/2	Chord	4/4	3	1	1/4			1/4	1	800	giac-			
80	80	527	1.0	3/4	3/4	Chord	4/4	3	1	1/4			1/4	1	801	cio			
80	80	524	1.0	0	0	Chord	4/4	4	1	1/4			1/4	1	802				
80	80	525	0.5	1/4	1/4	Chord	4/4	4	1	1/8			1/8	1	803				
80	80	1051/2	0.5	3/8	3/8	Chord	4/4	4	1	1/8			1/8	1	804				
80	80	526	1.0	1/2	1/2	Chord	4/4	4	1	1/4			1/4	1	805				
80	80	527	1.0	3/4	3/4	Chord	4/4	4	1	1/4			1/4	1	806				
81	81	528	1.0	0	0	Chord	4/4	1	1	1/4			1/4	1	807	cio			
81	81	529	2.0	1/4	1/4	Chord	4/4	1	1	1/2			1/2	1	808	fri-			
81	81	531	1.0	3/4	3/4	Chord	4/4	1	1	1/4			1/4	1	809	gi-			
81	81	528	1.0	0	0	Chord	4/4	2	1	1/4			1/4	1	810	giac-			
81	81	529	1.0	1/4	1/4	Chord	4/4	2	1	1/4			1/4	1	811	cio			
81	81	530	1.5	1/2	1/2	Chord	4/4	2	1	3/8			1/4	3/2	812	fri-			
81	81	1063/2	0.5	7/8	7/8	Chord	4/4	2	1	1/8			1/8	1	813	gi-			
81	81	528	3.0	0	0	Chord	4/4	3	1	3/4			1/2	3/2	814	fri-			
81	81	531	1.0	3/4	3/4	Chord	4/4	3	1	1/4			1/4	1	815	gi-			
81	81	528	4.0	0	0	Chord	4/4	4	1	1			1	1	816				
82	82	532	4.0	0	0	Chord	4/4	1	1	1			1	1	817	do			
82	82	532	4.0	0	0	Chord	4/4	2	1	1			1	1	818	do			
82	82	532	4.0	0	0	Chord	4/4	3	1	1			1	1	819	do			
82	82	532	4.0	0	0	Chord	4/4	4	1	1			1	1	820				
83	83	536	2.0	0	0	Chord	4/4	3	1	1/2			1/2	1	821	Men-			
83	83	538	0.5	1/2	1/2	Chord	4/4	3	1	1/8			1/8	1	822	tre			
83	83	1077/2	0.5	5/8	5/8	Chord	4/4	3	1	1/8			1/8	1	823	spar-			
83	83	539	0.5	3/4	3/4	Chord	4/4	3	1	1/8			1/8	1	824	gen-			
83	83	1079/2	0.5	7/8	7/8	Chord	4/4	3	1	1/8			1/8	1	825	do in-			
83	83	536	3.0	0	0	Chord	4/4	4	1	3/4			1/2	3/2	826				
83	83	539	1.0	3/4	3/4	Chord	4/4	4	1	1/4			1/4	1	827				
84	84	540	1.5	0	0	Chord	4/4	3	1	3/8			1/4	3/2	828	dar-			
84	84	1083/2	0.5	3/8	3/8	Chord	4/4	3	1	1/8			1/8	1	829	no a			
84	84	542	1.0	1/2	1/2	Chord	4/4	3	1	1/4			1/4	1	830	l'au-			
84	84	543	1.0	3/4	3/4	Chord	4/4	3	1	1/4			1/4	1	831	ra			
84	84	540	1.5	0	0	Chord	4/4	4	1	3/8			1/4	3/2	832				
84	84	1083/2	0.5	3/8	3/8	Chord	4/4	4	1	1/8			1/8	1	833				
84	84	542	1.0	1/2	1/2	Chord	4/4	4	1	1/4			1/4	1	834				
84	84	543	1.0	3/4	3/4	Chord	4/4	4	1	1/4			1/4	1	835				
85	85	544	4.0	0	0	Chord	4/4	3	1	1			1	1	836	pian-			
85	85	544	4.0	0	0	Chord	4/4	4	1	1			1	1	837				
86	86	548	1.0	0	0	Chord	4/4	3	1	1/4			1/4	1	838	-			
86	86	549	0.5	1/4	1/4	Chord	4/4	3	1	1/8			1/8	1	839	ti e			
86	86	1099/2	0.5	3/8	3/8	Chord	4/4	3	1	1/8			1/8	1	840	la-			
86	86	550	2.0	1/2	1/2	Chord	4/4	3	1	1/2			1/2	1	841	men-			
86	86	548	1.0	0	0	Chord	4/4	4	1	1/4			1/4	1	842				
86	86	549	1.0	1/4	1/4	Chord	4/4	4	1	1/4			1/4	1	843				
86	86	550	2.0	1/2	1/2	Chord	4/4	4	1	1/2			1/2	1	844				
87	87	552	1.0	0	0	Chord	4/4	2	1	1/4			1/4	1	845	In-			
87	87	553	1.5	1/4	1/4	Chord	4/4	2	1	3/8			1/4	3/2	846	dar-			
87	87	1109/2	0.5	5/8	5/8	Chord	4/4	2	1	1/8			1/8	1	847	no il			
87	87	555	0.75	3/4	3/4	Chord	4/4	2	1	3/16			1/8	3/2	848	cor			
87	87	2223/4	0.25	15/16	15/16	Chord	4/4	2	1	1/16			1/16	1	849	di-			
87	87	552	2.0	0	0	Chord	4/4	3	1	1/2			1/2	1	850	ti			
87	87	552	2.0	0	0	Chord	4/4	4	1	1/2			1/2	1	851				
87	87	554	2.0	1/2	1/2	Chord	4/4	4	1	1/2			1/2	1	852				
88	88	556	1.5	0	0	Chord	4/4	2	1	3/8			1/4	3/2	853	strug-			
88	88	1115/2	0.5	3/8	3/8	Chord	4/4	2	1	1/8			1/8	1	854	ge-			
88	88	558	2.0	1/2	1/2	Chord	4/4	2	1	1/2			1/2	1	855	si			
88	88	556	4.0	0	0	Chord	4/4	4	1	1			1	1	856				
89	89	560	4.0	0	0	Chord	3/1	1	1	1			1	1	857	Fil-			
89	89	564	4.0	1	1	Chord	3/1	1	1	1			1	1	858	li			
89	89	568	4.0	2	2	Chord	3/1	1	1	1			1	1	859	più			
89	89	560	12.0	0	0	Chord	3/1	4	1	3			2	3/2	860				
90	90	572	4.0	0	0	Chord	3/1	1	1	1			1	1	861	rat-			
90	90	576	4.0	1	1	Chord	3/1	1	1	1			1	1	862	ta			
90	90	580	4.0	2	2	Chord	3/1	1	1	1			1	1	863	più			
90	90	572	12.0	0	0	Chord	3/1	4	1	3			2	3/2	864				
91	91	584	4.0	0	0	Chord	3/1	1	1	1			1	1	865	rat-			
91	91	588	4.0	1	1	Chord	3/1	1	1	1			1	1	866	-			
91	91	592	4.0	2	2	Chord	3/1	1	1	1			1	1	867	ta			
91	91	584	4.0	0	0	Chord	3/1	2	1	1			1	1	868	Fil-			
91	91	588	4.0	1	1	Chord	3/1	2	1	1			1	1	869	li			
91	91	592	4.0	2	2	Chord	3/1	2	1	1			1	1	870	più			
91	91	584	4.0	0	0	Chord	3/1	4	1	1			1	1	871				
91	91	588	4.0	1	1	Chord	3/1	4	1	1			1	1	872				
91	91	592	4.0	2	2	Chord	3/1	4	1	1			1	1	873				
92	92	596	4.0	0	0	Chord	3/1	1	1	1			1	1	874	fug-			
92	92	600	4.0	1	1	Chord	3/1	1	1	1			1	1	875	ge-			
92	92	604	4.0	2	2	Chord	3/1	1	1	1			1	1	876	si			
92	92	596	4.0	0	0	Chord	3/1	2	1	1			1	1	877	rat-			
92	92	600	4.0	1	1	Chord	3/1	2	1	1			1	1	878	ta			
92	92	604	4.0	2	2	Chord	3/1	2	1	1			1	1	879	più			
92	92	596	4.0	0	0	Chord	3/1	4	1	1			1	1	880				
92	92	600	4.0	1	1	Chord	3/1	4	1	1			1	1	881				
92	92	604	4.0	2	2	Chord	3/1	4	1	1			1	1	882				
93	93	608	4.0	0	0	Chord	3/1	1	1	1			1	1	883	fug-			
93	93	612	4.0	1	1	Chord	3/1	1	1	1			1	1	884	ge-			
93	93	616	4.0	2	2	Chord	3/1	1	1	1			1	1	885	si			
93	93	608	4.0	0	0	Chord	3/1	2	1	1			1	1	886	rat-			
93	93	612	4.0	1	1	Chord	3/1	2	1	1			1	1	887	-			
93	93	616	4.0	2	2	Chord	3/1	2	1	1			1	1	888	ta			
93	93	608	4.0	0	0	Chord	3/1	4	1	1			1	1	889				
93	93	612	4.0	1	1	Chord	3/1	4	1	1			1	1	890				
93	93	616	4.0	2	2	Chord	3/1	4	1	1			1	1	891				
94	94	620	4.0	0	0	Chord	3/1	1	1	1			1	1	892	fug-			
94	94	624	4.0	1	1	Chord	3/1	1	1	1			1	1	893	ge-			
94	94	628	4.0	2	2	Chord	3/1	1	1	1			1	1	894	si			
94	94	620	4.0	0	0	Chord	3/1	2	1	1			1	1	895	fug-			
94	94	624	4.0	1	1	Chord	3/1	2	1	1			1	1	896	ge-			
94	94	628	4.0	2	2	Chord	3/1	2	1	1			1	1	897	si			
94	94	620	4.0	0	0	Chord	3/1	4	1	1			1	1	898				
94	94	624	4.0	1	1	Chord	3/1	4	1	1			1	1	899				
94	94	628	4.0	2	2	Chord	3/1	4	1	1			1	1	900				
95	95	632	4.0	0	0	Chord	3/1	2	1	1			1	1	901	fug-			
95	95	636	4.0	1	1	Chord	3/1	2	1	1			1	1	902	ge-			
95	95	640	4.0	2	2	Chord	3/1	2	1	1			1	1	903	si			
95	95	632	4.0	0	0	Chord	3/1	4	1	1			1	1	904				
95	95	636	4.0	1	1	Chord	3/1	4	1	1			1	1	905				
95	95	640	4.0	2	2	Chord	3/1	4	1	1			1	1	906				
96	96	644	4.0	0	0	Chord	3/1	2	1	1			1	1	907	fug-			
96	96	648	4.0	1	1	Chord	3/1	2	1	1			1	1	908	ge-			
96	96	652	4.0	2	2	Chord	3/1	2	1	1			1	1	909	si			
96	96	644	4.0	0	0	Chord	3/1	4	1	1			1	1	910				
96	96	648	4.0	1	1	Chord	3/1	4	1	1			1	1	911				
96	96	652	4.0	2	2	Chord	3/1	4	1	1			1	1	912				
97	97	656	2.0	0	0	Chord	4/4	1	1	1/2			1/2	1	913	men-			
97	97	658	0.5	1/2	1/2	Chord	4/4	1	1	1/8			1/8	1	914	tre			
97	97	1317/2	0.5	5/8	5/8	Chord	4/4	1	1	1/8			1/8	1	915	spar-			
97	97	659	0.5	3/4	3/4	Chord	4/4	1	1	1/8			1/8	1	916	gen-			
97	97	1319/2	0.5	7/8	7/8	Chord	4/4	1	1	1/8			1/8	1	917	do in-			
97	97	656	3.0	0	0	Chord	4/4	4	1	3/4			1/2	3/2	918				
97	97	659	0.5	3/4	3/4	Chord	4/4	4	1	1/8			1/8	1	919				
97	97	1319/2	0.5	7/8	7/8	Chord	4/4	4	1	1/8			1/8	1	920				
98	98	660	1.5	0	0	Chord	4/4	1	1	3/8			1/4	3/2	921	dar-			
98	98	1323/2	0.5	3/8	3/8	Chord	4/4	1	1	1/8			1/8	1	922	no a			
98	98	662	1.0	1/2	1/2	Chord	4/4	1	1	1/4			1/4	1	923	l'au-			
98	98	663	1.0	3/4	3/4	Chord	4/4	1	1	1/4			1/4	1	924	ra			
98	98	660	2.0	0	0	Chord	4/4	2	1	1/2			1/2	1	925	men-			
98	98	662	0.5	1/2	1/2	Chord	4/4	2	1	1/8			1/8	1	926	tre			
98	98	1325/2	0.5	5/8	5/8	Chord	4/4	2	1	1/8			1/8	1	927	spar-			
98	98	663	0.5	3/4	3/4	Chord	4/4	2	1	1/8			1/8	1	928	gen-			
98	98	1327/2	0.5	7/8	7/8	Chord	4/4	2	1	1/8			1/8	1	929	do in-			
98	98	660	2.0	0	0	Chord	4/4	3	1	1/2			1/2	1	930	men-			
98	98	662	0.5	1/2	1/2	Chord	4/4	3	1	1/8			1/8	1	931	tre			
98	98	1325/2	0.5	5/8	5/8	Chord	4/4	3	1	1/8			1/8	1	932	spar-			
98	98	663	0.5	3/4	3/4	Chord	4/4	3	1	1/8			1/8	1	933	gen-			
98	98	1327/2	0.5	7/8	7/8	Chord	4/4	3	1	1/8			1/8	1	934	do in-			
98	98	660	3.0	0	0	Chord	4/4	4	1	3/4			1/2	3/2	935				
98	98	663	0.5	3/4	3/4	Chord	4/4	4	1	1/8			1/8	1	936				
98	98	1327/2	0.5	7/8	7/8	Chord	4/4	4	1	1/8			1/8	1	937				
99	99	664	1.5	0	0	Chord	4/4	2	1	3/8			1/4	3/2	938	dar-			
99	99	1331/2	0.5	3/8	3/8	Chord	4/4	2	1	1/8			1/8	1	939	no a			
99	99	666	1.0	1/2	1/2	Chord	4/4	2	1	1/4			1/4	1	940	l'au-			
99	99	667	1.0	3/4	3/4	Chord	4/4	2	1	1/4			1/4	1	941	ra			
99	99	664	1.5	0	0	Chord	4/4	3	1	3/8			1/4	3/2	942	dar-			
99	99	1331/2	0.5	3/8	3/8	Chord	4/4	3	1	1/8			1/8	1	943	no a			
99	99	666	1.0	1/2	1/2	Chord	4/4	3	1	1/4			1/4	1	944	l'au-			
99	99	667	1.0	3/4	3/4	Chord	4/4	3	1	1/4			1/4	1	945	ra			
99	99	664	1.5	0	0	Chord	4/4	4	1	3/8			1/4	3/2	946				
99	99	1331/2	0.5	3/8	3/8	Chord	4/4	4	1	1/8			1/8	1	947				
99	99	666	1.0	1/2	1/2	Chord	4/4	4	1	1/4			1/4	1	948				
99	99	667	1.0	3/4	3/4	Chord	4/4	4	1	1/4			1/4	1	949				
100	100	668	2.0	0	0	Chord	4/4	1	1	1/2			1/2	1	950	men-			
100	100	670	0.5	1/2	1/2	Chord	4/4	1	1	1/8			1/8	1	951	tre			
100	100	1341/2	0.5	5/8	5/8	Chord	4/4	1	1	1/8			1/8	1	952	spar-			
100	100	671	0.5	3/4	3/4	Chord	4/4	1	1	1/8			1/8	1	953	gen-			
100	100	1343/2	0.5	7/8	7/8	Chord	4/4	1	1	1/8			1/8	1	954	do in-			
100	100	668	2.0	0	0	Chord	4/4	2	1	1/2			1/2	1	955	men-			
100	100	670	0.5	1/2	1/2	Chord	4/4	2	1	1/8			1/8	1	956	tre			
100	100	1341/2	0.5	5/8	5/8	Chord	4/4	2	1	1/8			1/8	1	957	spar-			
100	100	671	0.5	3/4	3/4	Chord	4/4	2	1	1/8			1/8	1	958	gen-			
100	100	1343/2	0.5	7/8	7/8	Chord	4/4	2	1	1/8			1/8	1	959	do in-			
100	100	668	4.0	0	0	Chord	4/4	3	1	1			1	1	960	pian-			
100	100	668	4.0	0	0	Chord	4/4	4	1	1			1	1	961				
101	101	672	1.5	0	0	Chord	4/4	1	1	3/8			1/4	3/2	962	dar-			
101	101	1347/2	0.5	3/8	3/8	Chord	4/4	1	1	1/8			1/8	1	963	no a			
101	101	674	0.5	1/2	1/2	Chord	4/4	1	1	1/8			1/8	1	964	l'au-			
101	101	1349/2	0.5	5/8	5/8	Chord	4/4	1	1	1/8			1/8	1	965	ra			
101	101	675	1.0	3/4	3/4	Chord	4/4	1	1	1/4			1/4	1	966	pian-			
101	101	672	1.5	0	0	Chord	4/4	2	1	3/8			1/4	3/2	967	dar-			
101	101	1347/2	0.5	3/8	3/8	Chord	4/4	2	1	1/8			1/8	1	968	no a			
101	101	674	0.5	1/2	1/2	Chord	4/4	2	1	1/8			1/8	1	969	l'au-			
101	101	1349/2	0.5	5/8	5/8	Chord	4/4	2	1	1/8			1/8	1	970	ra			
101	101	675	1.0	3/4	3/4	Chord	4/4	2	1	1/4			1/4	1	971	pian-			
101	101	672	1.0	0	0	Chord	4/4	3	1	1/4			1/4	1	972	-			
101	101	673	0.5	1/4	1/4	Chord	4/4	3	1	1/8			1/8	1	973	ti e			
101	101	1347/2	0.5	3/8	3/8	Chord	4/4	3	1	1/8			1/8	1	974	la-			
101	101	674	2.0	1/2	1/2	Chord	4/4	3	1	1/2			1/2	1	975	men-			
101	101	672	2.0	0	0	Chord	4/4	4	1	1/2			1/2	1	976				
101	101	674	1.0	1/2	1/2	Chord	4/4	4	1	1/4			1/4	1	977				
101	101	675	1.0	3/4	3/4	Chord	4/4	4	1	1/4			1/4	1	978				
102	102	676	1.0	0	0	Chord	4/4	1	1	1/4			1/4	1	979	-			
102	102	677	0.5	1/4	1/4	Chord	4/4	1	1	1/8			1/8	1	980	ti e			
102	102	1355/2	0.5	3/8	3/8	Chord	4/4	1	1	1/8			1/8	1	981	la-			
102	102	678	2.0	1/2	1/2	Chord	4/4	1	1	1/2			1/2	1	982	men-			
102	102	676	1.0	0	0	Chord	4/4	2	1	1/4			1/4	1	983	-			
102	102	677	0.75	1/4	1/4	Chord	4/4	2	1	3/16			1/8	3/2	984	ti e			
102	102	2711/4	0.25	7/16	7/16	Chord	4/4	2	1	1/16			1/16	1	985	la-			
102	102	678	2.0	1/2	1/2	Chord	4/4	2	1	1/2			1/2	1	986	men-			
102	102	676	4.0	0	0	Chord	4/4	3	1	1			1	1	987	ti			
102	102	676	4.0	0	0	Chord	4/4	4	1	1			1	1	988				
103	103	680	4.0	0	0	Chord	4/4	1	1	1			1	1	989	ti			
103	103	680	4.0	0	0	Chord	4/4	2	1	1			1	1	990	ti			
103	103	680	4.0	0	0	Chord	4/4	3	1	1			1	1	991				
103	103	680	4.0	0	0	Chord	4/4	4	1	1			1	1	992				
104	104	684	1.0	0	0	Chord	4/4	3	1	1/4			1/4	1	993	in-			
104	104	685	1.5	1/4	1/4	Chord	4/4	3	1	3/8			1/4	3/2	994	dar-			
104	104	1373/2	0.5	5/8	5/8	Chord	4/4	3	1	1/8			1/8	1	995	no il			
104	104	687	0.75	3/4	3/4	Chord	4/4	3	1	3/16			1/8	3/2	996	cor			
104	104	2751/4	0.25	15/16	15/16	Chord	4/4	3	1	1/16			1/16	1	997	di-			
104	104	684	4.0	0	0	Chord	4/4	4	1	1			1	1	998				
105	105	688	1.0	0	0	Chord	4/4	2	1	1/4			1/4	1	999	in-			
105	105	689	1.5	1/4	1/4	Chord	4/4	2	1	3/8			1/4	3/2	1000	dar-			
105	105	1381/2	0.5	5/8	5/8	Chord	4/4	2	1	1/8			1/8	1	1001	no il			
105	105	691	0.75	3/4	3/4	Chord	4/4	2	1	3/16			1/8	3/2	1002	cor			
105	105	2767/4	0.25	15/16	15/16	Chord	4/4	2	1	1/16			1/16	1	1003	di-			
105	105	688	1.5	0	0	Chord	4/4	3	1	3/8			1/4	3/2	1004	strug-			
105	105	1379/2	0.5	3/8	3/8	Chord	4/4	3	1	1/8			1/8	1	1005	ge-			
105	105	690	2.0	1/2	1/2	Chord	4/4	3	1	1/2			1/2	1	1006	si			
105	105	688	4.0	0	0	Chord	4/4	4	1	1			1	1	1007				
106	106	692	1.0	0	0	Chord	4/4	1	1	1/4			1/4	1	1008	in-			
106	106	693	1.5	1/4	1/4	Chord	4/4	1	1	3/8			1/4	3/2	1009	dar-			
106	106	1389/2	0.5	5/8	5/8	Chord	4/4	1	1	1/8			1/8	1	1010	no il			
106	106	695	0.75	3/4	3/4	Chord	4/4	1	1	3/16			1/8	3/2	1011	cor			
106	106	2783/4	0.25	15/16	15/16	Chord	4/4	1	1	1/16			1/16	1	1012	di-			
106	106	692	1.5	0	0	Chord	4/4	2	1	3/8			1/4	3/2	1013	strug-			
106	106	1387/2	0.5	3/8	3/8	Chord	4/4	2	1	1/8			1/8	1	1014	ge-			
106	106	694	2.0	1/2	1/2	Chord	4/4	2	1	1/2			1/2	1	1015	si			
106	106	692	4.0	0	0	Chord	4/4	4	1	1			1	1	1016				
107	107	696	1.5	0	0	Chord	4/4	1	1	3/8			1/4	3/2	1017	strug-			
107	107	1395/2	0.5	3/8	3/8	Chord	4/4	1	1	1/8			1/8	1	1018	ge-			
107	107	698	2.0	1/2	1/2	Chord	4/4	1	1	1/2			1/2	1	1019	si			
107	107	696	4.0	0	0	Chord	4/4	4	1	1			1	1	1020				
108	108	700	0.0	0	0	Tempo	3/1	1	1	0								𝅗𝅥 = 80	300
108	108	700	4.0	0	0	Chord	3/1	2	1	1			1	1	1021	Fil-			
108	108	704	4.0	1	1	Chord	3/1	2	1	1			1	1	1022	li			
108	108	708	4.0	2	2	Chord	3/1	2	1	1			1	1	1023	più			
108	108	700	4.0	0	0	Chord	3/1	4	1	1			1	1	1024				
108	108	704	4.0	1	1	Chord	3/1	4	1	1			1	1	1025				
108	108	708	4.0	2	2	Chord	3/1	4	1	1			1	1	1026				
109	109	712	4.0	0	0	Chord	3/1	2	1	1			1	1	1027	rat-			
109	109	716	4.0	1	1	Chord	3/1	2	1	1			1	1	1028	ta			
109	109	720	4.0	2	2	Chord	3/1	2	1	1			1	1	1029	più			
109	109	712	4.0	0	0	Chord	3/1	4	1	1			1	1	1030				
109	109	716	4.0	1	1	Chord	3/1	4	1	1			1	1	1031				
109	109	720	4.0	2	2	Chord	3/1	4	1	1			1	1	1032				
110	110	724	4.0	0	0	Chord	3/1	2	1	1			1	1	1033	rat-			
110	110	728	4.0	1	1	Chord	3/1	2	1	1			1	1	1034	-			
110	110	732	4.0	2	2	Chord	3/1	2	1	1			1	1	1035	ta			
110	110	724	4.0	0	0	Chord	3/1	3	1	1			1	1	1036	Fil-			
110	110	728	4.0	1	1	Chord	3/1	3	1	1			1	1	1037	li			
110	110	732	4.0	2	2	Chord	3/1	3	1	1			1	1	1038	più			
110	110	724	4.0	0	0	Chord	3/1	4	1	1			1	1	1039				
110	110	728	4.0	1	1	Chord	3/1	4	1	1			1	1	1040				
110	110	732	4.0	2	2	Chord	3/1	4	1	1			1	1	1041				
111	111	736	4.0	0	0	Chord	3/1	2	1	1			1	1	1042	fug-			
111	111	740	4.0	1	1	Chord	3/1	2	1	1			1	1	1043	ge-			
111	111	744	4.0	2	2	Chord	3/1	2	1	1			1	1	1044	si			
111	111	736	4.0	0	0	Chord	3/1	3	1	1			1	1	1045	rat-			
111	111	740	4.0	1	1	Chord	3/1	3	1	1			1	1	1046	ta			
111	111	744	4.0	2	2	Chord	3/1	3	1	1			1	1	1047	più			
111	111	736	4.0	0	0	Chord	3/1	4	1	1			1	1	1048				
111	111	740	4.0	1	1	Chord	3/1	4	1	1			1	1	1049				
111	111	744	4.0	2	2	Chord	3/1	4	1	1			1	1	1050				
112	112	748	4.0	0	0	Chord	3/1	1	1	1			1	1	1051	Fil-			
112	112	752	4.0	1	1	Chord	3/1	1	1	1			1	1	1052	li			
112	112	756	4.0	2	2	Chord	3/1	1	1	1			1	1	1053	più			
112	112	748	4.0	0	0	Chord	3/1	2	1	1			1	1	1054	fug-			
112	112	752	4.0	1	1	Chord	3/1	2	1	1			1	1	1055	ge-			
112	112	756	4.0	2	2	Chord	3/1	2	1	1			1	1	1056	si			
112	112	748	4.0	0	0	Chord	3/1	3	1	1			1	1	1057	rat-			
112	112	752	4.0	1	1	Chord	3/1	3	1	1			1	1	1058	-			
112	112	756	4.0	2	2	Chord	3/1	3	1	1			1	1	1059	ta			
112	112	748	4.0	0	0	Chord	3/1	4	1	1			1	1	1060				
112	112	752	4.0	1	1	Chord	3/1	4	1	1			1	1	1061				
112	112	756	4.0	2	2	Chord	3/1	4	1	1			1	1	1062				
113	113	760	4.0	0	0	Chord	3/1	1	1	1			1	1	1063	rat-			
113	113	764	4.0	1	1	Chord	3/1	1	1	1			1	1	1064	ta			
113	113	768	4.0	2	2	Chord	3/1	1	1	1			1	1	1065	più			
113	113	760	4.0	0	0	Chord	3/1	2	1	1			1	1	1066	fug-			
113	113	764	4.0	1	1	Chord	3/1	2	1	1			1	1	1067	ge-			
113	113	768	4.0	2	2	Chord	3/1	2	1	1			1	1	1068	si			
113	113	760	4.0	0	0	Chord	3/1	3	1	1			1	1	1069	fug-			
113	113	764	4.0	1	1	Chord	3/1	3	1	1			1	1	1070	ge-			
113	113	768	4.0	2	2	Chord	3/1	3	1	1			1	1	1071	si			
113	113	760	4.0	0	0	Chord	3/1	4	1	1			1	1	1072				
113	113	764	4.0	1	1	Chord	3/1	4	1	1			1	1	1073				
113	113	768	4.0	2	2	Chord	3/1	4	1	1			1	1	1074				
114	114	772	4.0	0	0	Chord	3/1	1	1	1			1	1	1075	rat-			
114	114	776	4.0	1	1	Chord	3/1	1	1	1			1	1	1076	-			
114	114	780	4.0	2	2	Chord	3/1	1	1	1			1	1	1077	ta			
114	114	772	4.0	0	0	Chord	3/1	2	1	1			1	1	1078	fug-			
114	114	776	4.0	1	1	Chord	3/1	2	1	1			1	1	1079	ge-			
114	114	780	4.0	2	2	Chord	3/1	2	1	1			1	1	1080	si			
114	114	772	4.0	0	0	Chord	3/1	3	1	1			1	1	1081	fug-			
114	114	776	4.0	1	1	Chord	3/1	3	1	1			1	1	1082	ge-			
114	114	780	4.0	2	2	Chord	3/1	3	1	1			1	1	1083	si			
114	114	772	4.0	0	0	Chord	3/1	4	1	1			1	1	1084				
114	114	776	4.0	1	1	Chord	3/1	4	1	1			1	1	1085				
114	114	780	4.0	2	2	Chord	3/1	4	1	1			1	1	1086				
115	115	784	4.0	0	0	Chord	3/1	1	1	1			1	1	1087	fug-			
115	115	788	4.0	1	1	Chord	3/1	1	1	1			1	1	1088	ge-			
115	115	792	4.0	2	2	Chord	3/1	1	1	1			1	1	1089	si			
115	115	784	4.0	0	0	Chord	3/1	3	1	1			1	1	1090	fug-			
115	115	788	4.0	1	1	Chord	3/1	3	1	1			1	1	1091	ge-			
115	115	792	4.0	2	2	Chord	3/1	3	1	1			1	1	1092	si			
115	115	784	4.0	0	0	Chord	3/1	4	1	1			1	1	1093				
115	115	788	4.0	1	1	Chord	3/1	4	1	1			1	1	1094				
115	115	792	4.0	2	2	Chord	3/1	4	1	1			1	1	1095				
116	116	796	3.0	0	0	Chord	4/4	1	1	3/4			1/2	3/2	1096	ne i			
116	116	799	1.0	3/4	3/4	Chord	4/4	1	1	1/4			1/4	1	1097	so-			
116	116	798	2.0	1/2	1/2	Chord	4/4	2	1	1/2			1/2	1	1098	ne i			
116	116	796	4.0	0	0	Chord	4/4	4	1	1			1	1	1099				
117	117	800	3.0	0	0	Chord	4/4	1	1	3/4			1/2	3/2	1100	spir			
117	117	803	0.5	3/4	3/4	Chord	4/4	1	1	1/8			1/8	1	1101	che			
117	117	1607/2	0.5	7/8	7/8	Chord	4/4	1	1	1/8			1/8	1	1102	dal			
117	117	800	1.0	0	0	Chord	4/4	2	1	1/4			1/4	1	1103				
117	117	801	1.0	1/4	1/4	Chord	4/4	2	1	1/4			1/4	1	1104	so-			
117	117	802	2.0	1/2	1/2	Chord	4/4	2	1	1/2			1/2	1	1105	spir			
117	117	800	2.0	0	0	Chord	4/4	4	1	1/2			1/2	1	1106				
117	117	802	2.0	1/2	1/2	Chord	4/4	4	1	1/2			1/2	1	1107				
118	118	804	4.0	0	0	Chord	4/4	1	1	1			1	1	1108	cor			
118	118	804	1.0	0	0	Chord	4/4	2	1	1/4			1/4	1	1109				
118	118	805	0.5	1/4	1/4	Chord	4/4	2	1	1/8			1/8	1	1110	che			
118	118	1611/2	0.5	3/8	3/8	Chord	4/4	2	1	1/8			1/8	1	1111	dal			
118	118	806	2.0	1/2	1/2	Chord	4/4	2	1	1/2			1/2	1	1112	cor			
118	118	806	0.75	1/2	1/2	Chord	4/4	3	1	3/16			1/8	3/2	1113	si			
118	118	3227/4	0.25	11/16	11/16	Chord	4/4	3	1	1/16			1/16	1	1114	do-			
118	118	807	1.0	3/4	3/4	Chord	4/4	3	1	1/4			1/4	1	1115	len-			
118	118	804	2.0	0	0	Chord	4/4	4	1	1/2			1/2	1	1116				
118	118	806	2.0	1/2	1/2	Chord	4/4	4	1	1/2			1/2	1	1117				
119	119	808	3.0	0	0	Chord	4/4	1	1	3/4			1/2	3/2	1118	ne i			
119	119	811	1.0	3/4	3/4	Chord	4/4	1	1	1/4			1/4	1	1119	so-			
119	119	810	2.0	1/2	1/2	Chord	4/4	2	1	1/2			1/2	1	1120	ne i			
119	119	808	0.75	0	0	Chord	4/4	3	1	3/16			1/8	3/2	1121	ti e-			
119	119	3235/4	0.25	3/16	3/16	Chord	4/4	3	1	1/16			1/16	1	1122	sco-			
119	119	809	1.0	1/4	1/4	Chord	4/4	3	1	1/4			1/4	1	1123	no			
119	119	808	2.0	0	0	Chord	4/4	4	1	1/2			1/2	1	1124				
119	119	810	2.0	1/2	1/2	Chord	4/4	4	1	1/2			1/2	1	1125				
120	120	812	3.0	0	0	Chord	4/4	1	1	3/4			1/2	3/2	1126	spir			
120	120	815	0.5	3/4	3/4	Chord	4/4	1	1	1/8			1/8	1	1127	che			
120	120	1631/2	0.5	7/8	7/8	Chord	4/4	1	1	1/8			1/8	1	1128	dal			
120	120	812	1.0	0	0	Chord	4/4	2	1	1/4			1/4	1	1129				
120	120	813	1.0	1/4	1/4	Chord	4/4	2	1	1/4			1/4	1	1130	so-			
120	120	814	2.0	1/2	1/2	Chord	4/4	2	1	1/2			1/2	1	1131	spir			
120	120	812	2.0	0	0	Chord	4/4	4	1	1/2			1/2	1	1132				
120	120	814	2.0	1/2	1/2	Chord	4/4	4	1	1/2			1/2	1	1133				
121	121	816	2.0	0	0	Chord	4/4	1	1	1/2			1/2	1	1134	cor			
121	121	816	1.0	0	0	Chord	4/4	2	1	1/4			1/4	1	1135				
121	121	817	0.5	1/4	1/4	Chord	4/4	2	1	1/8			1/8	1	1136	che			
121	121	1635/2	0.5	3/8	3/8	Chord	4/4	2	1	1/8			1/8	1	1137	dal			
121	121	818	2.0	1/2	1/2	Chord	4/4	2	1	1/2			1/2	1	1138	cor			
121	121	818	0.75	1/2	1/2	Chord	4/4	3	1	3/16			1/8	3/2	1139	si			
121	121	3275/4	0.25	11/16	11/16	Chord	4/4	3	1	1/16			1/16	1	1140	do-			
121	121	819	1.0	3/4	3/4	Chord	4/4	3	1	1/4			1/4	1	1141	len-			
121	121	816	2.0	0	0	Chord	4/4	4	1	1/2			1/2	1	1142				
121	121	818	2.0	1/2	1/2	Chord	4/4	4	1	1/2			1/2	1	1143				
122	122	821	1.0	1/4	1/4	Chord	4/4	2	1	1/4			1/4	1	1144	non			
122	122	822	1.0	1/2	1/2	Chord	4/4	2	1	1/4			1/4	1	1145	vo-			
122	122	823	1.0	3/4	3/4	Chord	4/4	2	1	1/4			1/4	1	1146	ci			
122	122	820	0.75	0	0	Chord	4/4	3	1	3/16			1/8	3/2	1147	ti e-			
122	122	3283/4	0.25	3/16	3/16	Chord	4/4	3	1	1/16			1/16	1	1148	sco-			
122	122	821	1.0	1/4	1/4	Chord	4/4	3	1	1/4			1/4	1	1149	no			
122	122	823	1.0	3/4	3/4	Chord	4/4	3	1	1/4			1/4	1	1150	non			
122	122	820	2.0	0	0	Chord	4/4	4	1	1/2			1/2	1	1151				
122	122	822	2.0	1/2	1/2	Chord	4/4	4	1	1/2			1/2	1	1152				
123	123	827	1.0	3/4	3/4	Chord	4/4	1	1	1/4			1/4	1	1153	non			
123	123	825	1.0	1/4	1/4	Chord	4/4	2	1	1/4			1/4	1	1154	non			
123	123	826	1.0	1/2	1/2	Chord	4/4	2	1	1/4			1/4	1	1155	vo-			
123	123	827	1.0	3/4	3/4	Chord	4/4	2	1	1/4			1/4	1	1156	ci			
123	123	824	1.0	0	0	Chord	4/4	3	1	1/4			1/4	1	1157	vo-			
123	123	825	1.0	1/4	1/4	Chord	4/4	3	1	1/4			1/4	1	1158	ci			
123	123	827	1.0	3/4	3/4	Chord	4/4	3	1	1/4			1/4	1	1159	o			
123	123	824	2.0	0	0	Chord	4/4	4	1	1/2			1/2	1	1160				
123	123	826	2.0	1/2	1/2	Chord	4/4	4	1	1/2			1/2	1	1161				
124	124	828	2.0	0	0	Chord	4/4	1	1	1/2			1/2	1	1162	vo-			
124	124	830	1.0	1/2	1/2	Chord	4/4	1	1	1/4			1/4	1	1163	ci			
124	124	1663/2	0.5	7/8	7/8	Chord	4/4	1	1	1/8			1/8	1	1164	o			
124	124	831	1.0	3/4	3/4	Chord	4/4	2	1	1/4			1/4	1	1165	o			
124	124	828	4.0	0	0	Chord	4/4	3	1	1			1	1	1166	prie-			
124	124	828	4.0	0	0	Chord	4/4	4	1	1			1	1	1167				
125	125	832	2.0	0	0	Chord	4/4	1	1	1/2			1/2	1	1168	prie-			
125	125	834	2.0	1/2	1/2	Chord	4/4	1	1	1/2			1/2	1	1169	ghi			
125	125	832	4.0	0	0	Chord	4/4	2	1	1			1	1	1170	prie-			
125	125	832	2.0	0	0	Chord	4/4	3	1	1/2			1/2	1	1171	-			
125	125	834	2.0	1/2	1/2	Chord	4/4	3	1	1/2			1/2	1	1172	ghi			
125	125	832	2.0	0	0	Chord	4/4	4	1	1/2			1/2	1	1173				
125	125	834	2.0	1/2	1/2	Chord	4/4	4	1	1/2			1/2	1	1174				
126	126	836	8.0	0	0	Chord	3/1	2	1	2			2	1	1175	ghi			
126	126	836	4.0	0	0	Chord	3/1	3	1	1			1	1	1176	i			
126	126	840	4.0	1	1	Chord	3/1	3	1	1			1	1	1177	piè			
126	126	844	4.0	2	2	Chord	3/1	3	1	1			1	1	1178	fu-			
126	126	836	4.0	0	0	Chord	3/1	4	1	1			1	1	1179				
126	126	840	4.0	1	1	Chord	3/1	4	1	1			1	1	1180				
126	126	844	4.0	2	2	Chord	3/1	4	1	1			1	1	1181				
127	127	848	4.0	0	0	Chord	3/1	3	1	1			1	1	1182	ga-			
127	127	852	4.0	1	1	Chord	3/1	3	1	1			1	1	1183	ci			
127	127	856	4.0	2	2	Chord	3/1	3	1	1			1	1	1184	fu-			
127	127	848	4.0	0	0	Chord	3/1	4	1	1			1	1	1185				
127	127	852	4.0	1	1	Chord	3/1	4	1	1			1	1	1186				
127	127	856	4.0	2	2	Chord	3/1	4	1	1			1	1	1187				
128	128	860	4.0	0	0	Chord	3/1	2	1	1			1	1	1188	i			
128	128	864	4.0	1	1	Chord	3/1	2	1	1			1	1	1189	piè			
128	128	868	4.0	2	2	Chord	3/1	2	1	1			1	1	1190	fu-			
128	128	860	4.0	0	0	Chord	3/1	3	1	1			1	1	1191	ga-			
128	128	864	4.0	1	1	Chord	3/1	3	1	1			1	1	1192	ci			
128	128	868	4.0	2	2	Chord	3/1	3	1	1			1	1	1193	fu-			
128	128	860	4.0	0	0	Chord	3/1	4	1	1			1	1	1194				
128	128	864	4.0	1	1	Chord	3/1	4	1	1			1	1	1195				
128	128	868	4.0	2	2	Chord	3/1	4	1	1			1	1	1196				
129	129	872	4.0	0	0	Chord	3/1	2	1	1			1	1	1197	ga-			
129	129	876	4.0	1	1	Chord	3/1	2	1	1			1	1	1198	ci			
129	129	880	4.0	2	2	Chord	3/1	2	1	1			1	1	1199	fu-			
129	129	872	4.0	0	0	Chord	3/1	3	1	1			1	1	1200	ga-			
129	129	876	4.0	1	1	Chord	3/1	3	1	1			1	1	1201	ci			
129	129	880	4.0	2	2	Chord	3/1	3	1	1			1	1	1202	fu-			
129	129	872	4.0	0	0	Chord	3/1	4	1	1			1	1	1203				
129	129	876	4.0	1	1	Chord	3/1	4	1	1			1	1	1204				
129	129	880	4.0	2	2	Chord	3/1	4	1	1			1	1	1205				
130	130	884	4.0	0	0	Chord	3/1	2	1	1			1	1	1206	ga-			
130	130	888	4.0	1	1	Chord	3/1	2	1	1			1	1	1207	ci			
130	130	892	4.0	2	2	Chord	3/1	2	1	1			1	1	1208	fu-			
130	130	884	4.0	0	0	Chord	3/1	3	1	1			1	1	1209	ga-			
130	130	888	4.0	1	1	Chord	3/1	3	1	1			1	1	1210	ci			
130	130	892	4.0	2	2	Chord	3/1	3	1	1			1	1	1211	fu-			
130	130	884	4.0	0	0	Chord	3/1	4	1	1			1	1	1212				
130	130	888	4.0	1	1	Chord	3/1	4	1	1			1	1	1213				
130	130	892	4.0	2	2	Chord	3/1	4	1	1			1	1	1214				
131	131	896	4.0	0	0	Chord	3/1	2	1	1			1	1	1215	ga-			
131	131	900	4.0	1	1	Chord	3/1	2	1	1			1	1	1216	-			
131	131	904	4.0	2	2	Chord	3/1	2	1	1			1	1	1217	ci ar-			
131	131	896	4.0	0	0	Chord	3/1	3	1	1			1	1	1218	ga-			
131	131	900	4.0	1	1	Chord	3/1	3	1	1			1	1	1219	-			
131	131	904	4.0	2	2	Chord	3/1	3	1	1			1	1	1220	ci ar-			
131	131	896	4.0	0	0	Chord	3/1	4	1	1			1	1	1221				
131	131	900	4.0	1	1	Chord	3/1	4	1	1			1	1	1222				
131	131	904	4.0	2	2	Chord	3/1	4	1	1			1	1	1223				
132	132	908	3.0	0	0	Chord	3/1	2	1	3/4			1/2	3/2	1224	re-			
132	132	911	1.0	3/4	3/4	Chord	3/1	2	1	1/4			1/4	1	1225	sta-			
132	132	912	4.0	1	1	Chord	3/1	2	1	1			1	1	1226	no			
132	132	916	4.0	2	2	Chord	3/1	2	1	1			1	1	1227	non			
132	132	908	3.0	0	0	Chord	3/1	3	1	3/4			1/2	3/2	1228	re-			
132	132	911	1.0	3/4	3/4	Chord	3/1	3	1	1/4			1/4	1	1229	sta-			
132	132	912	4.0	1	1	Chord	3/1	3	1	1			1	1	1230	no			
132	132	908	3.0	0	0	Chord	3/1	4	1	3/4			1/2	3/2	1231				
132	132	911	1.0	3/4	3/4	Chord	3/1	4	1	1/4			1/4	1	1232				
132	132	912	4.0	1	1	Chord	3/1	4	1	1			1	1	1233				
132	132	916	4.0	2	2	Chord	3/1	4	1	1			1	1	1234				
133	133	920	1.0	0	0	Chord	4/4	2	1	1/4			1/4	1	1235	vo-			
133	133	921	1.0	1/4	1/4	Chord	4/4	2	1	1/4			1/4	1	1236	ci			
133	133	923	1.0	3/4	3/4	Chord	4/4	2	1	1/4			1/4	1	1237	o			
133	133	921	1.0	1/4	1/4	Chord	4/4	3	1	1/4			1/4	1	1238	non			
133	133	922	1.0	1/2	1/2	Chord	4/4	3	1	1/4			1/4	1	1239	vo-			
133	133	923	1.0	3/4	3/4	Chord	4/4	3	1	1/4			1/4	1	1240	ci			
133	133	920	2.0	0	0	Chord	4/4	4	1	1/2			1/2	1	1241				
133	133	922	2.0	1/2	1/2	Chord	4/4	4	1	1/2			1/2	1	1242				
134	134	927	1.0	3/4	3/4	Chord	4/4	1	1	1/4			1/4	1	1243	non			
134	134	924	1.0	0	0	Chord	4/4	2	1	1/4			1/4	1	1244	prie-			
134	134	925	1.0	1/4	1/4	Chord	4/4	2	1	1/4			1/4	1	1245	ghi			
134	134	927	1.0	3/4	3/4	Chord	4/4	2	1	1/4			1/4	1	1246	non			
134	134	925	1.0	1/4	1/4	Chord	4/4	3	1	1/4			1/4	1	1247	non			
134	134	926	1.0	1/2	1/2	Chord	4/4	3	1	1/4			1/4	1	1248	vo-			
134	134	927	1.0	3/4	3/4	Chord	4/4	3	1	1/4			1/4	1	1249	ci			
134	134	924	2.0	0	0	Chord	4/4	4	1	1/2			1/2	1	1250				
134	134	926	2.0	1/2	1/2	Chord	4/4	4	1	1/2			1/2	1	1251				
135	135	928	1.0	0	0	Chord	4/4	1	1	1/4			1/4	1	1252	vo-			
135	135	929	0.5	1/4	1/4	Chord	4/4	1	1	1/8			1/8	1	1253	ci			
135	135	1859/2	0.5	3/8	3/8	Chord	4/4	1	1	1/8			1/8	1	1254	non			
135	135	930	1.5	1/2	1/2	Chord	4/4	1	1	3/8			1/4	3/2	1255	vo-			
135	135	1863/2	0.5	7/8	7/8	Chord	4/4	1	1	1/8			1/8	1	1256	ci o			
135	135	928	1.0	0	0	Chord	4/4	2	1	1/4			1/4	1	1257	vo-			
135	135	929	1.0	1/4	1/4	Chord	4/4	2	1	1/4			1/4	1	1258	ci			
135	135	931	1.0	3/4	3/4	Chord	4/4	2	1	1/4			1/4	1	1259	o			
135	135	929	1.0	1/4	1/4	Chord	4/4	3	1	1/4			1/4	1	1260	o			
135	135	930	2.0	1/2	1/2	Chord	4/4	3	1	1/2			1/2	1	1261	prie-			
135	135	928	2.0	0	0	Chord	4/4	4	1	1/2			1/2	1	1262				
135	135	930	2.0	1/2	1/2	Chord	4/4	4	1	1/2			1/2	1	1263				
136	136	932	2.0	0	0	Chord	4/4	1	1	1/2			1/2	1	1264	prie-			
136	136	934	2.0	1/2	1/2	Chord	4/4	1	1	1/2			1/2	1	1265	ghi			
136	136	932	4.0	0	0	Chord	4/4	2	1	1			1	1	1266	prie-			
136	136	932	2.0	0	0	Chord	4/4	3	1	1/2			1/2	1	1267	-			
136	136	934	2.0	1/2	1/2	Chord	4/4	3	1	1/2			1/2	1	1268	ghi			
136	136	932	2.0	0	0	Chord	4/4	4	1	1/2			1/2	1	1269				
136	136	934	2.0	1/2	1/2	Chord	4/4	4	1	1/2			1/2	1	1270				
137	137	936	8.0	0	0	Chord	3/1	2	1	2			2	1	1271	ghi			
137	137	936	4.0	0	0	Chord	3/1	3	1	1			1	1	1272	i			
137	137	940	4.0	1	1	Chord	3/1	3	1	1			1	1	1273	piè			
137	137	944	4.0	2	2	Chord	3/1	3	1	1			1	1	1274	fu-			
137	137	936	4.0	0	0	Chord	3/1	4	1	1			1	1	1275				
137	137	940	4.0	1	1	Chord	3/1	4	1	1			1	1	1276				
137	137	944	4.0	2	2	Chord	3/1	4	1	1			1	1	1277				
138	138	948	4.0	0	0	Chord	3/1	2	1	1			1	1	1278	i			
138	138	952	4.0	1	1	Chord	3/1	2	1	1			1	1	1279	pie			
138	138	956	4.0	2	2	Chord	3/1	2	1	1			1	1	1280	fu-			
138	138	948	4.0	0	0	Chord	3/1	3	1	1			1	1	1281	ga-			
138	138	952	4.0	1	1	Chord	3/1	3	1	1			1	1	1282	ci			
138	138	956	4.0	2	2	Chord	3/1	3	1	1			1	1	1283	fu-			
138	138	948	4.0	0	0	Chord	3/1	4	1	1			1	1	1284				
138	138	952	4.0	1	1	Chord	3/1	4	1	1			1	1	1285				
138	138	956	4.0	2	2	Chord	3/1	4	1	1			1	1	1286				
139	139	960	4.0	0	0	Chord	3/1	1	1	1			1	1	1287	i			
139	139	964	4.0	1	1	Chord	3/1	1	1	1			1	1	1288	piè			
139	139	968	4.0	2	2	Chord	3/1	1	1	1			1	1	1289	fu-			
139	139	960	4.0	0	0	Chord	3/1	2	1	1			1	1	1290	ga-			
139	139	964	4.0	1	1	Chord	3/1	2	1	1			1	1	1291	ci			
139	139	968	4.0	2	2	Chord	3/1	2	1	1			1	1	1292	fu-			
139	139	960	4.0	0	0	Chord	3/1	3	1	1			1	1	1293	ga-			
139	139	964	4.0	1	1	Chord	3/1	3	1	1			1	1	1294	ci			
139	139	968	4.0	2	2	Chord	3/1	3	1	1			1	1	1295	fu-			
139	139	960	4.0	0	0	Chord	3/1	4	1	1			1	1	1296				
139	139	964	4.0	1	1	Chord	3/1	4	1	1			1	1	1297				
139	139	968	4.0	2	2	Chord	3/1	4	1	1			1	1	1298				
140	140	972	4.0	0	0	Chord	3/1	1	1	1			1	1	1299	ga-			
140	140	976	4.0	1	1	Chord	3/1	1	1	1			1	1	1300	ci			
140	140	980	4.0	2	2	Chord	3/1	1	1	1			1	1	1301	fu-			
140	140	972	4.0	0	0	Chord	3/1	2	1	1			1	1	1302	ga-			
140	140	976	4.0	1	1	Chord	3/1	2	1	1			1	1	1303	ci			
140	140	980	4.0	2	2	Chord	3/1	2	1	1			1	1	1304	fu-			
140	140	972	4.0	0	0	Chord	3/1	3	1	1			1	1	1305	ga-			
140	140	976	4.0	1	1	Chord	3/1	3	1	1			1	1	1306	ci			
140	140	980	4.0	2	2	Chord	3/1	3	1	1			1	1	1307	fu-			
140	140	972	4.0	0	0	Chord	3/1	4	1	1			1	1	1308				
140	140	976	4.0	1	1	Chord	3/1	4	1	1			1	1	1309				
140	140	980	4.0	2	2	Chord	3/1	4	1	1			1	1	1310				
141	141	984	4.0	0	0	Chord	3/1	1	1	1			1	1	1311	ga-			
141	141	988	4.0	1	1	Chord	3/1	1	1	1			1	1	1312	-			
141	141	992	4.0	2	2	Chord	3/1	1	1	1			1	1	1313	ci ar-			
141	141	984	4.0	0	0	Chord	3/1	2	1	1			1	1	1314	ga-			
141	141	988	4.0	1	1	Chord	3/1	2	1	1			1	1	1315	-			
141	141	992	4.0	2	2	Chord	3/1	2	1	1			1	1	1316	ci ar-			
141	141	984	4.0	0	0	Chord	3/1	3	1	1			1	1	1317	ga-			
141	141	988	4.0	1	1	Chord	3/1	3	1	1			1	1	1318	-			
141	141	992	4.0	2	2	Chord	3/1	3	1	1			1	1	1319	ci ar-			
141	141	984	4.0	0	0	Chord	3/1	4	1	1			1	1	1320				
141	141	988	4.0	1	1	Chord	3/1	4	1	1			1	1	1321				
141	141	992	4.0	2	2	Chord	3/1	4	1	1			1	1	1322				
142	142	996	6.0	0	0	Chord	3/1	1	1	3/2			1	3/2	1323	re-			
142	142	1002	2.0	3/2	3/2	Chord	3/1	1	1	1/2			1/2	1	1324	sta-			
142	142	1004	4.0	2	2	Chord	3/1	1	1	1			1	1	1325	no.			
142	142	996	6.0	0	0	Chord	3/1	2	1	3/2			1	3/2	1326	re-			
142	142	1002	2.0	3/2	3/2	Chord	3/1	2	1	1/2			1/2	1	1327	sta-			
142	142	1004	4.0	2	2	Chord	3/1	2	1	1			1	1	1328	no.			
142	142	996	6.0	0	0	Chord	3/1	3	1	3/2			1	3/2	1329	re-			
142	142	1002	2.0	3/2	3/2	Chord	3/1	3	1	1/2			1/2	1	1330	sta-			
142	142	1004	4.0	2	2	Chord	3/1	3	1	1			1	1	1331	no.			
142	142	996	6.0	0	0	Chord	3/1	4	1	3/2			1	3/2	1332				
142	142	1002	2.0	3/2	3/2	Chord	3/1	4	1	1/2			1/2	1	1333				
142	142	1004	4.0	2	2	Chord	3/1	4	1	1			1	1	1334				
